id,inventaris_id,Image_path
1,1,1.jpg
2,2,2.jpg
3,3,3.jpg
4,4,4.jpg
5,5,5.jpg
6,6,6.jpg
7,7,7.jpg
8,8,8.jpg
9,9,9.jpg
10,11,11.jpg
11,12,12.jpg
12,13,13.jpg
13,14,14.jpg
14,15,15.jpg
15,16,16.jpg
16,17,17.jpg
17,19,19.jpg
18,20,20.jpg
19,21,21.jpg
20,22,22.jpg
21,23,23.jpg
22,24,24.jpg
23,25,25.jpg
24,26,26.jpg
25,28,28.jpg
26,32,32.jpg
27,33,33.jpg
28,34,34.jpg
29,35,35.jpg
30,36,36.jpg
31,37,37.jpg
32,38,38.jpg
33,39,39.jpg
34,41,41.jpg
35,42,42.jpg
36,43,43.jpg
37,44,44.jpg
38,45,45.jpg
39,46,46.jpg
40,47,47.jpg
41,48,48.jpg
42,49,49.jpg
43,52,52.jpg
44,53,53.jpg
45,54,54.jpg
46,55,55.jpg
47,56,56.jpg
48,58,58.jpg
49,59,59.jpg
50,60,60.jpg
51,61,61.jpg
52,64,64.jpg
53,65,65.jpg
54,66,66.jpg
55,67,67.jpg
56,69,69.jpg
57,70,70.jpg
58,71,71.jpg
59,72,72.jpg
60,73,73.jpg
61,74,74.jpg
62,75,75.jpg
63,76,76.jpg
64,77,77.jpg
65,79,79.jpg
66,80,80.jpg
67,82,82.jpg
68,83,83.jpg
69,84,84.jpg
70,85,85.jpg
71,88,88.jpg
72,89,89.jpg
73,90,89.jpg
74,91,91.jpg
75,92,92.jpg
76,93,93.jpg
77,94,94.jpg
78,95,95.jpg
79,96,96.jpg
80,97,97.jpg
81,98,98.jpg
82,99,99.jpg
83,100,100.jpg
84,101,101.jpg
85,102,102.jpg
86,103,103.jpg
87,104,104.jpg
88,105,105.jpg
89,106,106.jpg
90,107,107.jpg
91,108,108.jpg
92,109,109.jpg
93,110,110.jpg
94,112,112.jpg
95,113,113.jpg
96,114,114.jpg
97,115,115.jpg
98,116,116.jpg
99,117,117.jpg
100,118,118.jpg
101,119,119.jpg
102,120,120.jpg
103,123,123.jpg
104,124,124.jpg
105,125,125.jpg
106,126,126.jpg
107,127,127.jpg
108,128,128.jpg
109,129,129.jpg
110,130,130.jpg
111,131,131.jpg
112,132,132.jpg
113,133,133.jpg
114,134,134.jpg
115,135,135.jpg
116,136,136.jpg
117,137,137.jpg
118,138,138.jpg
119,139,139.jpg
120,142,142.jpg
121,144,144.jpg
122,145,145.jpg
123,146,146.jpg
124,147,147.jpg
125,148,148.jpg
126,149,149.jpg
127,150,150.jpg
128,151,151.jpg
129,152,152.jpg
130,153,153.jpg
131,154,154.jpg
132,155,155.jpg
133,156,156.jpg
134,157,157.jpg
135,159,159.jpg
136,160,160.jpg
137,165,165.jpg
138,166,166.jpg
139,167,167.jpg
140,168,168.jpg
141,169,169.jpg
142,170,170.jpg
143,171,171.jpg
144,173,173.jpg
145,174,174.jpg
146,175,175.jpg
147,176,176.jpg
148,177,177.jpg
149,178,178.jpg
150,180,180.jpg
151,181,181.jpg
152,182,182.jpg
153,183,183.jpg
154,184,184.jpg
155,187,187.jpg
156,188,188.jpg
157,189,189.jpg
158,190,190.jpg
159,191,191.jpg
160,192,192.jpg
161,203,203.jpg
162,847,847.jpg
163,849,849.jpg
164,850,850.jpg
165,851,851.jpg
166,852,852.jpg
167,853,853.jpg
168,854,854.jpg
169,855,855.jpg
170,856,856.jpg
171,857,857.jpg
172,858,858.jpg
173,859,859.jpg
174,860,860.jpg
175,861,861.jpg
176,862,862.jpg
177,863,863.jpg
178,868,868.jpg
179,869,869.jpg
180,870,870.jpg
181,871,871.jpg
182,875,875.jpg
183,876,876.jpg
184,877,877.jpg
185,880,880.jpg
186,881,881.jpg
187,884,884.jpg
188,886,886.jpg
189,887,887.jpg
190,888,888.jpg
191,889,889.jpg
192,890,890.jpg
193,891,891.jpg
194,892,892.jpg
195,893,893.jpg
196,894,894.jpg
197,895,895.jpg
198,896,896.jpg
199,897,897.jpg
200,899,899.jpg
201,900,900.jpg
202,901,901.jpg
203,902,902.jpg
204,907,907.jpg
205,909,909.jpg
206,910,910.jpg
207,911,911.jpg
208,914,914.jpg
209,915,915.jpg
210,916,916.jpg
211,917,917.jpg
212,918,918.jpg
213,919,919.jpg
214,921,921.jpg
215,923,923.jpg
216,924,924.jpg
217,925,925.jpg
218,926,926.jpg
219,927,927.jpg
220,928,928.jpg
221,929,929.jpg
222,930,930.jpg
223,931,931.jpg
224,933,933.jpg
225,934,934.jpg
226,935,935.jpg
227,936,936.jpg
228,937,937.jpg
229,938,938.jpg
230,939,939.jpg
231,940,940.jpg
232,941,941.jpg
233,942,942.jpg
234,943,943.jpg
235,944,944.jpg
236,945,945.jpg
237,946,946.jpg
238,947,947.jpg
239,948,948.jpg
240,950,950.jpg
241,951,951.jpg
242,953,953.jpg
243,954,954.jpg
244,955,955.jpg
245,956,956.jpg
246,957,957.jpg
247,958,958.jpg
248,959,959.jpg
249,960,960.jpg
250,961,961.jpg
251,962,962.jpg
252,963,963.jpg
253,964,964.jpg
254,965,965.jpg
255,966,966.jpg
256,967,967.jpg
257,968,968.jpg
258,970,165.jpg
259,972,165.jpg
260,973,973.jpg
261,974,974.jpg
262,976,976.jpg
263,977,977.jpg
264,979,979.jpg
265,982,982.jpg
266,983,983.jpg
267,985,985.jpg
268,986,986.jpg
269,987,987.jpg
270,988,988.jpg
271,989,989.jpg
272,990,990.jpg
273,991,991.jpg
274,992,992.jpg
275,993,993.jpg
276,995,995.jpg
277,996,996.jpg
278,997,997.jpg
279,998,998.jpg
280,999,999.jpg
281,1000,1000.jpg
282,1001,1001.jpg
283,1002,1002.jpg
284,1003,1003.jpg
285,1004,1004.jpg
286,1005,1005.jpg
287,1006,1006.jpg
288,1007,1007.jpg
289,1008,1008.jpg
290,1012,1012.jpg
291,1013,1013.jpg
292,1014,1014.jpg
293,1015,1015.jpg
294,1019,1019.jpg
295,1022,1022.jpg
296,1023,1023.jpg
297,1024,1024.jpg
298,1025,1025.jpg
299,1026,1026.jpg
300,1027,1027.jpg
301,1028,1028.jpg
302,1029,1029.jpg
303,1030,1030.jpg
304,1031,1031.jpg
305,1032,1032.jpg
306,1033,1033.jpg
307,1034,1034.jpg
308,1035,1035.jpg
309,1036,1036.jpg
310,1037,1037.jpg
311,1038,1038.jpg
312,1039,1039.jpg
313,1040,1040.jpg
314,1041,1041.jpg
315,1043,1043.jpg
316,1044,1044.jpg
317,1048,1048.jpg
318,1049,1049.jpg
319,1050,1050.jpg
320,1051,1051.jpg
321,1052,1052.jpg
322,1054,1054.jpg
323,1056,1056.jpg
324,1057,1057.jpg
325,1058,1058.jpg
326,1059,1059.jpg
327,1060,1060.jpg
328,1061,1061.jpg
329,1062,1062.jpg
330,1063,1063.jpg
331,1064,1064.jpg
332,1065,1065.jpg
333,1066,1066.jpg
334,1067,1067.jpg
335,1068,1068.jpg
336,1069,1069.jpg
337,1070,1070.jpg
338,1071,1071.jpg
339,1072,1072.jpg
340,1073,1073.jpg
341,1074,1074.jpg
342,1075,1075.jpg
343,1076,1076.jpg
344,1077,1077.jpg
345,1078,1078.jpg
346,1079,1079.jpg
347,1080,1080.jpg
348,1081,1081.jpg
349,1082,1082.jpg
350,1083,1083.jpg
351,1084,1084.jpg
352,1086,1086.jpg
353,1087,1087.jpg
354,1088,1088.jpg
355,1089,1089.jpg
356,1090,1090.jpg
357,1091,1091.jpg
358,1092,1092.jpg
359,1093,1093.jpg
360,1094,1094.jpg
361,1095,1095.jpg
362,1097,1097.jpg
363,1098,1098.jpg
364,1099,1099.jpg
365,1100,1100.jpg
366,1101,1101.jpg
367,1103,1103.jpg
368,1107,1107.jpg
369,1108,1108.jpg
370,1109,1109.jpg
371,1110,1110.jpg
372,1111,1111.jpg
373,1112,1112.jpg
374,1113,1113.jpg
375,1114,1114.jpg
376,1117,1117.jpg
377,1118,1118.jpg
378,1120,1120.jpg
379,1121,1121.jpg
380,1122,1122.jpg
381,1123,1123.jpg
382,1124,1124.jpg
383,1125,1125.jpg
384,1127,1127.jpg
385,1128,1128.jpg
386,1129,1129.jpg
387,1130,1130.jpg
388,1131,1131.jpg
389,1132,1132.jpg
390,1133,1133.jpg
391,1134,1134.jpg
392,1135,1135.jpg
393,1136,1136.jpg
394,1137,1137.jpg
395,1138,1138.jpg
396,1139,1139.jpg
397,1140,1140.jpg
398,1142,1142.jpg
399,1143,1143.jpg
400,1144,1144.jpg
401,1145,1145.jpg
402,1146,1146.jpg
403,1147,1147.jpg
404,1148,1148.jpg
405,1149,1149.jpg
406,1150,1150.jpg
407,1151,1151.jpg
408,1152,1152.jpg
409,1153,1153.jpg
410,1163,1163.jpg
411,1164,1164.jpg
412,1166,1166.jpg
413,1167,1167.jpg
414,1168,1168.jpg
415,1169,1169.jpg
416,1170,1170.jpg
417,1172,1172.jpg
418,1173,1173.jpg
419,1174,1174.jpg
420,1179,1179.jpg
421,1182,1182.jpg
422,1184,1184.jpg
423,1185,1185.jpg
424,1186,1186.jpg
425,1187,1187.jpg
426,1188,1188.jpg
427,1189,1189.jpg
428,453556,1190.jpg
429,842338,1191.jpg
430,842339,1192.jpg
431,842340,1193.jpg
432,842341,1194.jpg
433,842342,1195.jpg
434,842343,1196.jpg
435,842344,1197.jpg
436,842345,1198.jpg
437,842346,1199.jpg
438,842347,1200.jpg
439,842348,1201.jpg
440,842349,1202.jpg
441,842351,1204.jpg
442,842352,1205.jpg
443,842353,1206.jpg
444,842354,1207.jpg
445,842355,1208.jpg
446,842356,1209.jpg
447,842357,1210.jpg
448,842358,1211.jpg
449,842359,1212.jpg
450,842361,1213.jpg
451,842363,1215.jpg
452,842364,1216.jpg
453,842365,1217.jpg
454,842366,1218.jpg
455,842368,1219.jpg
456,842369,1220.jpg
457,842370,1221.jpg
458,842372,1223.jpg
459,845809,1227.jpg
460,845810,1228.jpg
461,860393,1238.jpg
462,860575,1240.jpg
463,860580,1241.jpg
464,860581,1242.jpg
465,877840,1252.jpg
466,877841,1253.jpg
467,877842,1254.jpg
468,877844,1256.jpg
469,877845,1257.jpg
470,877846,1258.jpg
471,877847,1259.jpg
472,877848,1260.jpg
473,878095,1263.jpg
474,878096,1264.jpg
475,884629,1528.jpg
476,884645,1531.jpg
477,884646,1532.jpg
478,884647,1533.jpg
479,1587E,SDN BENDO 1 GEDUNG E.jpg
480,1775I,SDN BENDO 1 GEDUNG I.jpg
481,1587B,SDN BENDO 1 GEDUNG B.jpg
482,1509F,SDN BENDO 1 GEDUNG F.jpg
483,1587C,SDN BENDO 1 GEDUNG C.jpg
484,1546A,SDN BENDO 1 GEDUNG A.jpg
485,1587D,SDN BENDO 1 GEDUNG D.jpg
486,1646G,SDN BENDO 1 GEDUNG G.jpg
487,2395J,SDN BENDO 1 GEDUNG J.jpg
488,1546K,SDN BENDO 1 GEDUNG K.jpg
489,1512H,SDN BENDO 1 GEDUNG H.jpg
490,2699F,SDN BENDOGERIT 1 GEDUNG F.jpg
491,1288A,SDN BENDOGERIT 1 GEDUNG A.jpg
492,1288D,SDN BENDOGERIT 1 GEDUNG D.jpg
493,1288B,SDN BENDOGERIT 1 GEDUNG B.jpg
494,1565K,SDN BENDOGERIT 1 GEDUNG K.jpg
495,2398E,SDN BENDOGERIT 1 GEDUNG E.jpg
496,1565I,SDN BENDOGERIT 1 GEDUNG I.jpg
497,1288C,SDN BENDOGERIT 1 GEDUNG C.jpg
498,1813H,SDN BENDOGERIT 1 GEDUNG H.jpg
499,1565J,SDN BENDOGERIT 1 GEDUNG J.jpg
500,1734G,SDN BENDOGERIT 1 GEDUNG G.jpg
501,1566G,SDN BENDOGERIT 2 GEDUNG G.jpg
502,1297A,SDN BENDOGERIT 2 GEDUNG A.jpg
503,1663E,SDN BENDOGERIT 2 GEDUNG E.jpg
504,1297B,SDN BENDOGERIT 2 GEDUNG B.jpg
505,1297C,SDN BENDOGERIT 2 GEDUNG C.jpg
506,1297D,SDN BENDOGERIT 2 GEDUNG D.jpg
507,1726K,SDN BENDOGERIT 2 GEDUNG K.jpg
508,2725H,SDN BENDOGERIT 2 GEDUNG H.jpg
509,1566I,SDN BENDOGERIT 2 GEDUNG I.jpg
510,1726F,SDN BENDOGERIT 2 GEDUNG F.jpg
511,1496B,SDN GEDOG 1 GEDUNG B.jpg
512,1496A,SDN GEDOG 1 GEDUNG A.jpg
513,1666C,SDN GEDOG 1 GEDUNG C.jpg
514,2441D,SDN GEDOG 1 GEDUNG D.jpg
515,1567F,SDN GEDOG 1 GEDUNG F.jpg
516,1567E,SDN GEDOG 1 GEDUNG E.jpg
517,1294A,SDN GEDOG 2 GEDUNG A.jpg
518,1294B,SDN GEDOG 2 GEDUNG B.jpg
519,2461C,SDN GEDOG 2 GEDUNG C.jpg
520,1568D,SDN GEDOG 2 GEDUNG D.jpg
521,1568E,SDN GEDOG 2 GEDUNG E.jpg
522,1568F,SDN GEDOG 2 GEDUNG F.jpg
523,1658G,SDN GEDOG 2 GEDUNG G.jpg
524,1725H,SDN GEDOG 2 GEDUNG H.jpg
525,1725I,SDN GEDOG 2 GEDUNG I.jpg
526,1569A,SDN GEDOG 3 GEDUNG A.jpg
527,1569B,SDN GEDOG 3 GEDUNG B.jpg
528,2707C,SDN GEDOG 3 GEDUNG C.jpg
529,2707D,SDN GEDOG 3 GEDUNG D.jpg
530,1569E,SDN GEDOG 3 GEDUNG E.jpg
531,2428F,SDN GEDOG 3 GEDUNG F.jpg
532,1531A,SDN NGADIREJO 1 GEDUNG A.jpg
533,2485H,SDN NGADIREJO 1 GEDUNG H.jpg
534,1532B,SDN NGADIREJO 1 GEDUNG B.jpg
535,1531C,SDN NGADIREJO 1 GEDUNG C.jpg
536,1531E,SDN NGADIREJO 1 GEDUNG E.jpg
537,1532D,SDN NGADIREJO 1 GEDUNG D.jpg
538,1312A,SMPN 1 BLITAR GEDUNG A.jpg
539,1313C,SMPN 1 BLITAR GEDUNG C.jpg
540,1315B,SMPN 1 BLITAR GEDUNG B.jpg
541,1315I,SMPN 1 BLITAR GEDUNG I.jpg
542,1314D,SMPN 1 BLITAR GEDUNG D.jpg
543,1312H,SMPN 1 BLITAR GEDUNG H.jpg
544,1316E,SMPN 1 BLITAR GEDUNG E.jpg
545,1311J,SMPN 1 BLITAR GEDUNG J.jpg
546,2495G,SMPN 1 BLITAR GEDUNG G.jpg
547,1311K,SMPN 1 BLITAR GEDUNG K.jpg
548,1430F,SMPN 1 BLITAR GEDUNG F.jpg
549,2092C,SMPN 6 BLITAR GEDUNG C.jpg
550,1277B,SMPN 6 BLITAR GEDUNG B.jpg
551,2093D,SMPN 6 BLITAR GEDUNG D.jpg
552,2094E,SMPN 6 BLITAR GEDUNG E.jpg
553,1305A,SMPN 6 BLITAR GEDUNG A.jpg
554,2400F,SMPN 6 BLITAR GEDUNG F.jpg
555,2203G,SMPN 6 BLITAR GEDUNG G.jpg
556,1277H,SMPN 6 BLITAR GEDUNG H.jpg
557,1305I,SMPN 6 BLITAR GEDUNG I.jpg
558,1277J,SMPN 6 BLITAR GEDUNG J.jpg
559,1216P,SMPN 8 BLITAR GEDUNG P.jpg
560,1279O,SMPN 8 BLITAR GEDUNG O.jpg
561,1215A,SMPN 8 BLITAR GEDUNG A.jpg
562,1216B,SMPN 8 BLITAR GEDUNG B.jpg
563,1216C,SMPN 8 BLITAR GEDUNG C.jpg
564,1216D,SMPN 8 BLITAR GEDUNG D.jpg
565,1216E,SMPN 8 BLITAR GEDUNG E.jpg
566,1216F,SMPN 8 BLITAR GEDUNG F.jpg
567,1216G,SMPN 8 BLITAR GEDUNG G.jpg
568,1216H,SMPN 8 BLITAR GEDUNG H.jpg
569,1218I,SMPN 8 BLITAR GEDUNG I.jpg
570,1219J,SMPN 8 BLITAR GEDUNG J.jpg
571,1846L,SMPN 8 BLITAR GEDUNG L.jpg
572,2517N,SMPN 8 BLITAR GEDUNG N.jpg
573,1317A,SMPN 2 KOTA BLITAR GEDUNG A.jpg
574,1318B,SMPN 2 KOTA BLITAR GEDUNG B.jpg
575,1318C,SMPN 2 KOTA BLITAR GEDUNG C.jpg
576,1319D,SMPN 2 KOTA BLITAR GEDUNG D.jpg
577,1321E,SMPN 2 KOTA BLITAR GEDUNG E.jpg
578,1321F,SMPN 2 KOTA BLITAR GEDUNG F.jpg
579,1551G,SMPN 2 KOTA BLITAR GEDUNG G.jpg
580,2388H,SMPN 2 KOTA BLITAR GEDUNG H.jpg
581,1307I,SMPN 2 KOTA BLITAR GEDUNG I.jpg
582,1307J,SMPN 2 KOTA BLITAR GEDUNG J.jpg
583,1867K,SMPN 2 KOTA BLITAR GEDUNG K.jpg
584,1817H,SMPN 9 GEDUNG H.jpg
585,1220A,SMPN 9 GEDUNG A.jpg
586,1220B,SMPN 9 GEDUNG B.jpg
587,1308C,SMPN 9 GEDUNG C.jpg
588,1308D,SMPN 9 GEDUNG D.jpg
589,1220E,SMPN 9 GEDUNG E.jpg
590,1713G,SMPN 9 GEDUNG G.jpg
591,1308I,SMPN 9 GEDUNG I.jpg
592,1308J,SMPN 9 GEDUNG J.jpg
593,1613K,SMPN 9 GEDUNG K.jpg
594,1194D,SMPN 4 BLITAR GEDUNG D.jpg
595,1192A,SMPN 4 BLITAR GEDUNG A.jpg
596,1195E,SMPN 4 BLITAR GEDUNG E.jpg
597,1550F,SMPN 4 BLITAR GEDUNG F.jpg
598,1193C,SMPN 4 BLITAR GEDUNG C.jpg
599,1191G,SMPN 4 BLITAR GEDUNG G.jpg
600,1191B,SMPN 4 BLITAR GEDUNG B.jpg
601,1195H,SMPN 4 BLITAR GEDUNG H.jpg
602,1432I,SMPN 4 BLITAR GEDUNG I.jpg
603,2460J,SMPN 4 BLITAR GEDUNG J.jpg
604,1310K,SMPN 4 BLITAR GEDUNG K.jpg
605,1310L,SMPN 4 BLITAR GEDUNG L.jpg
606,1208A,SMPN 5 BLITAR GEDUNG A.jpg
607,1209C,SMPN 5 BLITAR GEDUNG C.jpg
608,2502D,SMPN 5 BLITAR GEDUNG D.jpg
609,1281E,SMPN 5 BLITAR GEDUNG E.jpg
610,1210A,SMPN 7 BLITAR GEDUNG A.jpg
611,1212C,SMPN 7 BLITAR GEDUNG C.jpg
612,1213D,SMPN 7 BLITAR GEDUNG D.jpg
613,1724J,SMPN 7 BLITAR GEDUNG J.jpg
614,1434H,SMPN 7 BLITAR GEDUNG H.jpg
615,1435I,SMPN 7 BLITAR GEDUNG I.jpg
616,1213F,SMPN 7 BLITAR GEDUNG F.jpg
617,2458O,SMPN 7 BLITAR GEDUNG O.jpg
618,2458P,SMPN 7 BLITAR GEDUNG P.jpg
619,1282N,SMPN 7 BLITAR GEDUNG N.jpg
620,1214G,SMPN 7 BLITAR GEDUNG G.jpg
621,1282M,SMPN 7 BLITAR GEDUNG M.jpg
622,2168K,SMPN 7 BLITAR GEDUNG K.jpg
623,1211B,SMPN 7 BLITAR GEDUNG B.jpg
624,1543A,SLBN 1 BLITAR GEDUNG A.jpg
625,1543B,SLBN 1 BLITAR GEDUNG B.jpg
626,1625C,SLBN 1 BLITAR GEDUNG C.jpg
627,1625D,SLBN 1 BLITAR GEDUNG D.jpg
628,1625E,SLBN 1 BLITAR GEDUNG E.jpg
629,1543F,SLBN 1 BLITAR GEDUNG F.jpg
630,1238A,SDN TANJUNGSARI 2 GEDUNG A.jpg
631,1237B,SDN TANJUNGSARI 2 GEDUNG B.jpg
632,1230C,SDN TANJUNGSARI 2 GEDUNG C.jpg
633,1237D,SDN TANJUNGSARI 2 GEDUNG D.jpg
634,1564G,SDN TANJUNGSARI 2 GEDUNG G.jpg
635,1564I,SDN TANJUNGSARI 2 GEDUNG I.jpg
636,1564K,SDN TANJUNGSARI 2 GEDUNG K.jpg
637,1242A,SDN TURI 2 GEDUNG A.jpg
638,1226B,SDN TURI 2 GEDUNG B.jpg
639,1561C,SDN TURI 2 GEDUNG C.jpg
640,1561D,SDN TURI 2 GEDUNG D.jpg
641,1561E,SDN TURI 2 GEDUNG E.jpg
642,1561F,SDN TURI 2 GEDUNG F.jpg
643,1561G,SDN TURI 2 GEDUNG G.jpg
644,1795H,SDN TURI 2 GEDUNG H.jpg
645,1754I,SDN TURI 2 GEDUNG I.jpg
646,1492J,SDN TURI 2 GEDUNG J.jpg
647,1225A,SDN TURI 1 GEDUNG A.jpg
648,1241B,SDN TURI 1 GEDUNG B.jpg
649,1604C,SDN TURI 1 GEDUNG C.jpg
650,1604D,SDN TURI 1 GEDUNG D.jpg
651,1604E,SDN TURI 1 GEDUNG E.jpg
652,2277F,SDN TURI 1 GEDUNG F.jpg
653,1244A,SDN KARANGSARI 3 GEDUNG A.jpg
654,1224B,SDN KARANGSARI 3 GEDUNG B.jpg
655,1603C,SDN KARANGSARI 3 GEDUNG C.jpg
656,1603D,SDN KARANGSARI 3 GEDUNG D.jpg
657,1603E,SDN KARANGSARI 3 GEDUNG E.jpg
658,2731F,SDN KARANGSARI 3 GEDUNG F.jpg
659,1244G,SDN KARANGSARI 3 GEDUNG G.jpg
660,1603H,SDN KARANGSARI 3 GEDUNG H.jpg
661,1240A,SDN KARANGSARI 2 GEDUNG A.jpg
662,1602B,SDN KARANGSARI 2 GEDUNG B.jpg
663,1602C,SDN KARANGSARI 2 GEDUNG C.jpg
664,1602D,SDN KARANGSARI 2 GEDUNG D.jpg
665,1240E,SDN KARANGSARI 2 GEDUNG E.jpg
666,2432F,SDN KARANGSARI 2 GEDUNG F.jpg
667,1240G,SDN KARANGSARI 2 GEDUNG G.jpg
668,1544A,SDN TANGGUNG 2 GEDUNG A.jpg
669,1648B,SDN TANGGUNG 2 GEDUNG B.jpg
670,1590C,SDN TANGGUNG 2 GEDUNG C.jpg
671,1590D,SDN TANGGUNG 2 GEDUNG D.jpg
672,2435E,SDN TANGGUNG 2 GEDUNG E.jpg
673,1545A,SDN TANGGUNG 1 GEDUNG A.jpg
674,1545B,SDN TANGGUNG 1 GEDUNG B.jpg
675,1589C,SDN TANGGUNG 1 GEDUNG C.jpg
676,2399D,SDN TANGGUNG 1 GEDUNG D.jpg
677,1758E,SDN TANGGUNG 1 GEDUNG E.jpg
678,1540A,SDN BENDO 2 GEDUNG A.jpg
679,1541B,SDN BENDO 2 GEDUNG B.jpg
680,1542C,SDN BENDO 2 GEDUNG C.jpg
681,1541D,SDN BENDO 2 GEDUNG D.jpg
682,1647E,SDN BENDO 2 GEDUNG E.jpg
683,1759F,SDN BENDO 2 GEDUNG F.jpg
684,1805G,SDN BENDO 2 GEDUNG G.jpg
685,1878H,SDN BENDO 2 GEDUNG H.jpg
686,1588I,SDN BENDO 2 GEDUNG I.jpg
687,1588J,SDN BENDO 2 GEDUNG J.jpg
688,1588K,SDN BENDO 2 GEDUNG K.jpg
689,1520A,SDN KAUMAN 2 GEDUNG A.jpg
690,1520B,SDN KAUMAN 2 GEDUNG B.jpg
691,1520C,SDN KAUMAN 2 GEDUNG C.jpg
692,1585D,SDN KAUMAN 2 GEDUNG D.jpg
693,1525A,SDN KEPANJEN KIDUL 2 GEDUNG A.jpg
694,1525B,SDN KEPANJEN KIDUL 2 GEDUNG B.jpg
695,1527C,SDN KEPANJEN KIDUL 2 GEDUNG C.jpg
696,1525D,SDN KEPANJEN KIDUL 2 GEDUNG D.jpg
697,1522E,SDN KEPANJEN KIDUL 2 GEDUNG E.jpg
698,1774F,SDN KEPANJEN KIDUL 2 GEDUNG F.jpg
699,1525G,SDN KEPANJEN KIDUL 2 GEDUNG G.jpg
700,1582H,SDN KEPANJEN KIDUL 2 GEDUNG H.jpg
701,2287I,SDN KEPANJEN KIDUL 2 GEDUNG I.jpg
702,2705J,SDN KEPANJEN KIDUL 2 GEUDNG J.jpg
703,1239A,SDN KARANGSARI 1 GEDUNG A.jpg
704,1223B,SDN KARANGSARI 1 GEDUNG B.jpg
705,1601C,SDN KARANGSARI 1 GEDUNG C.jpg
706,1601D,SDN KARANGSARI 1 GEDUNG D.jpg
707,1806E,SDN KARANGSARI 1 GEDUNG E.jpg
708,1246A,SDN TLUMPU 1 GEDUNG A.jpg
709,1235B,SDN TLUMPU 1 GEDUNG B.jpg
710,1246C,SDN TLUMPU 1 GEDUNG C.jpg
711,1600D,SDN TLUMPU 1 GEDUNG D.jpg
712,1600E,SDN TLUMPU 1 GEDUNG E.jpg
713,1600F,SDN TLUMPU 1 GEDUNG F.jpg
714,1524A,SDN KEPANJENKIDUL 1 GEDUNG A.jpg
715,1524B,SDN KEPANJENKIDUL 1 GEDUNG B.jpg
716,1524D,SDN KEPANJENKIDUL 1 GEDUNG D.jpg
717,1533A,SDN NGADIREJO 2 GEDUNG A.jpg
718,1592B,SDN NGADIREJO 2 GEDUNG B.jpg
719,1533C,SDN NGADIREJO 2 GEDUNG C.jpg
720,1592D,SDN NGADIREJO 2 GEDUNG D.jpg
721,2423E,SDN NGADIREJO 2 GEDUNG E.jpg
722,1533F,SDN NGADIREJO 2 GEDUNG F.jpg
723,2714G,SDN NGADIREJO 2 GEDUNG G.jpg
724,1234A,SDN BLITAR GEDUNG A.jpg
725,1234C,SDN BLITAR GEDUNG C.jpg
726,1596D,SDN BLITAR GEDUNG D.jpg
727,2390E,SDN BLITAR GEDUNG E.jpg
728,1234B,SDN BLITAR GEDUNG B.jpg
729,1780A,SLB NEGERI 2 BLITAR GEDUNG A.jpg
730,1755C,SLB NEGERI 2 BLITAR GEDUNG C.jpg
731,1779D,SLB NEGERI 2 BLITAR GEDUNG D.jpg
732,1780E,SLB NEGERI 2 BLITAR GEDUNG E.jpg
733,1227A,SDN PAKUNDEN 1 GEDUNG A.jpg
734,1605C,SDN PAKUNDEN 1 GEDUNG C.jpg
735,1605D,SDN PAKUNDEN 1 GEDUNG D.jpg
736,1628E,SDN PAKUNDEN 1 GEDUNG E.jpg
737,2709F,SDN PAKUNDEN 1 GEDUNG F.jpg
738,2710G,SDN PAKUNDEN 1 GEDUNG G.jpg
739,1243B,SDN PAKUNDEN 1 GEDUNG B.jpg
740,1300A,SDN KLAMPOK GEDUNG A.jpg
741,1580B,SDN KLAMPOK GEDUNG B.jpg
742,2393C,SDN KLAMPOK GEDUNG C.jpg
743,1580D,SDN KLAMPOK GEDUNG D.jpg
744,1580E,SDN KLAMPOK GEDUNG E.jpg
745,1507A,SDN REMBANG 2 GEDUNG A.jpg
746,1577B,SDN REMBANG 2 GEDUNG B.jpg
747,1577C,SDN REMBANG 2 GEDUNG C.jpg
748,1577D,SDN REMBANG 2 GEDUNG D.jpg
749,1303A,SDN REMBANG 1 GEDUNG A.jpg
750,1576B,SDN REMBANG 1 GEDUNG B.jpg
751,1303C,SDN REMBANG 1 GEDUNG C.jpg
752,1576D,SDN REMBANG 1 GEDUNG D.jpg
753,1657E,SDN REMBANG 1 GEDUNG E.jpg
754,2728F,SDN REMBANG 1 GEDUNG F.jpg
755,1576G,SDN REMBANG 1 GEDUNG G.jpg
756,1579A,SDN PLOSOKEREP 2 GEDUNG A.jpg
757,1579B,SDN PLOSOKEREP 2 GEDUNG B.jpg
758,1579C,SDN PLOSOKEREP 2 GEDUNG C.jpg
759,2420E,SDN PLOSOKEREP 2 GEDUNG E.jpg
760,1579F,SDN PLOSOKEREP 2 GEDUNG F.jpg
761,1578A,SDN PLOSOKEREP 1 GEDUNG A.jpg
762,1578B,SDN PLOSOKEREP 1 GEDUNG B.jpg
763,1578C,SDN PLOSOKEREP 1 GEDUNG C.jpg
764,2703D,SDN PLOSOKEREP 1 GEDUNG D.jpg
765,1298A,SDN KARANGTENGAH 2 GEDUNG A.jpg
766,1298B,SDN KARANGTENGAH 2 GEDUNG B.jpg
767,1298C,SDN KARANGTENGAH 2 GEDUNG C.jpg
768,1665D,SDN KARANGTENGAH 2 GEDUNG D.jpg
769,1528A,SDN KEPANJENLOR 3 GEDUNG A.jpg
770,1529B,SDN KEPANJENLOR 3 GEDUNG B.jpg
771,1559C,SDN KEPANJENLOR 3 GEDUNG C.jpg
772,2686D,SDN KEPANJENLOR 3 GEDUNG D.jpg
773,2424E,SDN KEPANJENLOR 3 GEDUNG E.jpg
774,1937A,SDN KEPANJENLOR 1 GEDUNG A.jpg
775,1936B,SDN KEPANJENLOR 1 GEDUNG B.jpg
776,1526C,SDN KEPANJENLOR 1 GEDUNG C.jpg
777,1583D,SDN KEPANJENLOR 1 GEDUNG D.jpg
778,1295A,SDN SANANWETAN 1 GEDUNG A.jpg
779,1295B,SDN SANANWETAN 1 GEDUNG B.jpg
780,1295C,SDN SANANWETAN 1 GEDUNG C.jpg
781,1570D,SDN SANANWETAN 1 GEDUNG D.jpg
782,1664E,SDN SANANWETAN 1 GEDUNG E.jpg
783,2392F,SDN SANANWETAN 1 GEDUNG F.jpg
784,1534A,SDN SENTUL 2 GEDUNG A.jpg
785,1534B,SDN SENTUL 2 GEDUNG B.jpg
786,1534C,SDN SENTUL 2 GEDUNG C.jpg
787,1594D,SDN SENTUL 2 GEDUNG D.jpg
788,1595A,SDN SENTUL 4 GEDUNG A.jpg
789,1595C,SDN SENTUL 4 GEDUNG C.jpg
790,1595D,SDN SENTUL 4 GEDUNG D.jpg
791,1999E,SDN SENTUL 4 GEDUNG E.jpg
792,1530A,SDN SENTUL 3 GEDUNG A.jpg
793,1535B,SDN SENTUL 3 GEDUNG B.jpg
794,1560C,SDN SENTUL 3 GEDUNG C.jpg
795,1530D,SDN SENTUL 3 GEDUNG D.jpg
796,1530E,SDN SENTUL 3 GEDUNG E.jpg
797,1521A,SDN KAUMAN 1 GEDUNG A.jpg
798,1521B,SDN KAUMAN 1 GEDUNG B.jpg
799,1521C,SDN KAUMAN 1 GEDUNG C.jpg
800,1586D,SDN KAUMAN 1 GEDUNG D.jpg
801,2070D,SDN KARANGTENGAH 1 GEDUNG D.jpg
802,1497C,SDN KARANGTENGAH 1 GEDUNG C.jpg
803,1573K,SDN KARANGTENGAH 1 GEDUNG K.jpg
804,1660F,SDN KARANGTENGAH 1 GEDUNG F.jpg
805,1573G,SDN KARANGTENGAH 1 GEDUNG G.jpg
806,1497A,SDN KARANGTENGAH 1 GEDUNG A.jpg
807,1573I,SDN KARANGTENGAH 1 GEDUNG I.jpg
808,1497B,SDN KARANGTENGAH 1 GEDUNG B.jpg
809,1573H,SDN KARANGTENGAH 1 GEDUNG H.jpg
810,1573J,SDN KARANGTENGAH 1 GEDUNG J.jpg
811,1661E,SDN KARANGTENGAH 1 GEDUNG E.jpg
812,1575A,SDN KARANGTENGAH 4 GEDUNG A.jpg
813,1575B,SDN KARANGTENGAH 4 GEDUNG B.jpg
814,1575C,SDN KARANGTENGAH 4 GEDUNG C.jpg
815,2438D,SDN KARANGTENGAH 4 GEDUNG D.jpg
816,1575F,SDN KARANGTENGAH 4 GEDUNG F.jpg
817,1575G,SDN KARANGTENGAH 4 GEDUNG G.jpg
818,1992H,SDN KARANGTENGAH 4 GEDUNG H.jpg
819,1290A,SDN SANANWETAN 3 GEDUNG A.jpg
820,1572B,SDN SANANWETAN 3 GEDUNG B.jpg
821,1289C,SDN SANANWETAN 3 GEDUNG C.jpg
822,1733D,SDN SANANWETAN 3 GEDUNG D.jpg
823,1291E,SDN SANANWETAN 3 GEDUNG E.jpg
824,1572F,SDN SANANWETAN 3 GEDUNG F.jpg
825,1572G,SDN SANANWETAN 3 GEDUNG G.jpg
826,2439H,SDN SANANWETAN 3 GEDUNG H.jpg
827,1494I,SDN SANANWETAN 3 GEDUNG I.jpg
828,1506A,SDN SANANWETAN 2 GEDUNG A.jpg
829,1506B,SDN SANANWETAN 2 GEDUNG B.jpg
830,1506C,SDN SANANWETAN 2 GEDUNG C.jpg
831,1506D,SDN SANANWETAN 2 GEDUNG D.jpg
832,1571E,SDN SANANWETAN 2 GEDUNG E.jpg
833,1571F,SDN SANANWETAN 2 GEDUNG F.jpg
834,2462H,SDN SANANWETAN 2 GEDUNG H.jpg
835,1558A,SDN KARANGTENGAH 3 GEDUNG A.jpg
836,1558B,SDN KARANGTENGAH 3 GEDUNG B.jpg
837,1558D,SDN KARANGTENGAH 3 GEDUNG D.jpg
838,1558E,SDN KARANGTENGAH 3 GEDUNG E.jpg
839,1558F,SDN KARANGTENGAH 3 GEDUNG F.jpg
840,2697G,SDN KARANGTENGAH 3 GEDUNG G.jpg
841,1538A,SDN SENTUL 1 GEDUNG A.jpg
842,1538B,SDN SENTUL 1 GEDUNG B.jpg
843,1538C,SDN SENTUL 1 GEDUNG C.jpg
844,1539D,SDN SENTUL 1 GEDUNG D.jpg
845,1539E,SDN SENTUL 1 GEDUNG E.jpg
846,1650F,SDN SENTUL 1 GEDUNG F.jpg
847,1776G,SDN SENTUL 1 GEDUNG G.jpg
848,1593H,SDN SENTUL 1 GEDUNG H.jpg
849,1593I,SDN SENTUL 1 GEDUNG I.jpg
850,1593J,SDN SENTUL 1 GEDUNG J.jpg
851,2397K,SDN SENTUL 1 GEDUNG K.jpg
852,1229A,SDN TANJUNGSARI 1 GEDUNG A.jpg
853,1229B,SDN TANJUNGSARI 1 GEDUNG B.jpg
854,2678C,SDN TANJUNGSARI 1 GEDUNG C.jpg
855,1563D,SDN TANJUNGSARI 1 GEDUNG D.jpg
856,1563E,SDN TANJUNGSARI 1 GEDUNG E.jpg
857,1563F,SDN TANJUNGSARI 1 GEDUNG F.jpg
858,1232A,SDN SUKOREJO 1 GEDUNG A.jpg
859,1232B,SDN SUKOREJO 1 GEDUNG B.jpg
860,2701C,SDN SUKOREJO 1 GEDUNG C.jpg
861,1233A,SDN SUKOREJO 2 GEDUNG A.jpg
862,1598B,SDN SUKOREJO 2 GEDUNG B.jpg
863,1598C,SDN SUKOREJO 2 GEDUNG C.jpg
864,1598D,SDN SUKOREJO 2 GEDUNG D.jpg
865,1796E,SDN SUKOREJO 2 GEDUNG E.jpg
866,1236A,SDN SUKOREJO 3 GEDUNG A.jpg
867,1599D,SDN SUKOREJO 3 GEDUNG D.jpg
868,1599B,SDN SUKOREJO 3 GEDUNG B.jpg
869,1245A,SDN PAKUNDEN 2 GEDUNG A.jpg
870,1228B,SDN PAKUNDEN 2 GEDUNG B.jpg
871,1898C,SDN PAKUNDEN 2 GEDUNG C.jpg
872,1899D,SDN PAKUNDEN 2 GEDUNG D.jpg
873,1562E,SDN PAKUNDEN 2 GEDUNG E.jpg
874,1562F,SDN PAKUNDEN 2 GEDUNG F.jpg
875,1562G,SDN PAKUNDEN 2 GEDUNG G.jpg
876,1562H,SDN PAKUNDEN 2 GEDUNG H.jpg
877,2261I,SDN PAKUNDEN 2 GEDUNG I.jpg
878,2332A,SDN KEPANJENLOR 2 GEDUNG A.jpg
879,1584B,SDN KEPANJENLOR 2 GEDUNG B.jpg
880,1584C,SDN KEPANJENLOR 2 GEDUNG C.jpg
881,2680D,SDN KEPANJENLOR 2 GEDUNG D.jpg
882,1511E,SDN KEPANJENLOR 2 GEDUNG E.jpg
883,1584F,SDN KEPANJENLOR 2 GEDUNG F.jpg
884,1584G,SDN KEPANJENLOR 2 GEDUNG G.jpg
885,1584H,SDN KEPANJENLOR 2 GEDUNG H.jpg
886,1584I,SDN KEPANJENLOR 2 GEDUNG I.jpg
887,2681K,SDN KEPANJENLOR 2 GEDUNG K.jpg
888,2000L,SDN KEPANJENLOR 2 GEDUNG L.jpg
889,2204M,SDN KEPANJENLOR 2 GEDUNG M.jpg
890,2110A,Dinas Perpustakaan dan Kearsipan_2_A.jpg
891,1702B,Dinas Perpustakaan dan Kearsipan_7_B B3.jpg
892,2201C,Dinas Perpustakaan dan Kearsipan_15_C.jpg
893,1698D,Dinas Perpustakaan dan Kearsipan_14_D.jpg
894,1698E,Dinas Perpustakaan dan Kearsipan_8_E.jpg
895,1515A,Bakesbangpol Jl. Anjasmoro_10_A A3.jpg
896,1516B,Bakesbangpol Jl. Anjasmoro_2_B B2.jpg
897,1978C,Bakesbangpol (Damkar)_1_C.jpg
898,1250D,Bakesbangpol (Damkar)_8_D3.jpg
899,1415A,MONUMEN PETA BANGUNAN.jpeg
900,1196A,BKD A_1.jpg
901,1196B,SMPN 10 Blitar_11_B.jpg
902,1196C,SMPN 10 Blitar_14_C.jpg
903,1196D,BKD D_3.jpg
904,1196E,BKD E_5.jpg
905,1198F,BKD F_2.jpg
906,1283G,BKD G_1.jpg
907,1283H,BKD H_1.jpg
908,1283I,BKD I_1.jpg
909,1283J,BKD J_3.jpg
910,1283K,BKD K_3.jpg
911,1283L,SMPN 10 Blitar_16_L.jpg
912,1283M,BKD M_2.jpg
913,1283N,BKD N_2.jpg
914,1954O,BKD O_1.jpg
915,1403A,KOPERASI A_1.jpg
916,1402B,KOPERASI B_2_B.jpg
917,905001C,KOPERASI C_2.jpg
918,905002D,KOPERASI D_1.jpg
919,1747E,KOPERASI A_8.jpg
920,1401A,BAPEMAS A_5.jpg
921,85601B,BAPEMAS B_2.jpg
922,1633C,BAPEMAS C_2.jpg
923,2052D,BAPEMAS D_3.jpg
924,2624E,BAPEMAS E_2.jpg
925,2241F,BAPEMAS F_2.jpg
926,2470H,Bapemas Kec. Sananwetan_2.jpg
927,2471I,Bapemas Kec. Kepanjenkidul_1.jpg
928,1632J,Bapemas Kec. Sukorejo_2.jpg
929,1892A,DINSOS_2.jpg
930,1808A,capil_3.jpg
931,1860B,capil_15.jpg
932,2064C,capil_17.jpg
933,2174D,capil_13.jpg
934,863099E,WhatsApp Image 2021-12-21 at 13.17.22.jpeg
935,1859F,WhatsApp Image 2021-12-21 at 13.17.23.jpeg
936,859731G,capil_16.jpg
937,1324A,DINKES A (skrang jdi arsip)_3.jpg
938,1326B,DINKES B (mushola)_1.jpg
939,1325C,DINKES C_4.jpg
940,1322D,DINKES D (no.5)_1.jpg
941,2227E,DINKES E (20)_1.jpg
942,2179F,DINKES F(22)_1.jpg
943,865282G,DINKES G(38)_1.jpg
944,1323H,DINKES H (2)_5.jpg
945,1327I,DINKES I (3)_2.jpg
946,1893J,DINKES J_3.jpg
947,1264K,Dinkes_24.jpg
948,1252L,DINKES L(25)_12.jpg
949,2228M,DINKES M(21)_3.jpg
950,1376N,DINKES N_1.jpg
951,1378O,Dinkes_40.jpg
952,860845P,Dinkes_18.jpg
953,1728A,DINHUB A_1.jpg
954,1728B,DINHUB B_3.jpg
955,1728C,DINHUB C_1.jpg
956,1901D,DINHUB D_1.jpg
957,1890E,DISHUB E_3.jpg
958,1370F,DISHUB F_1.jpg
959,1948G,DISHUB G_2.jpg
960,1949H,DISHUB H_2.jpg
961,2308I,DISHUB I_2.jpg
962,1371J,DISHUB J_8.jpg
963,2072K,Dishub_15.jpg
964,1821M,Dishub_26.jpg
965,1756N,WhatsApp Image 2021-12-01 at 09.48.32.jpeg
966,2556P,Dishub_28.jpg
967,860378R,DISHUB R_1.jpg
968,2414S,DISHUB S_1.jpg
969,1708T,DINHUB T_1.jpg
970,872399U,Dishub_1.jpg
971,907001V,DINHUB V_2.jpg
972,872302W,DINHUB W_2.jpg
973,907001X,DINHUB X_1.jpg
974,907001Y,DINHUB Y_3.jpg
975,907001Z,DINHUB Z_1.jpg
976,2140AA,DINHUB PENUNJANG_1.jpg
977,1676A,Dinas Kominfotik_3_A.jpg
978,2251B,Dinas Kominfotik_1.jpg
979,2453C,Dinas Kominfotik_16_C F.jpg
980,2523D,Dinas Kominfotik_18_D.jpg
981,2522E,Dinas Kominfotik_22_E.jpg
982,862178F,Dinas Kominfotik_16_F.jpeg
983,1704A,DISPORA A_1.jpg
984,1704B,DISPORA B_1.jpg
985,841009C,DISPORA C_3.jpg
986,1741D,DISPORA D_3.jpg
987,911001E,DISPORA E_3.jpg
988,911001F,DISPORA F_3.jpg
989,871478G,DISPORA G_2.jpg
990,2382H,DISPORA H_2.jpg
991,2643I,DISPORA I_2.jpg
992,1839J,DISPORA J_1.jpg
993,1863K,DISPORA K_2.jpg
994,2234L,DISPORA L_1.jpg
995,2234M,DISPORA M_2.jpg
996,1965N,DISPORA N_2.jpg
997,1485O,DISPORA O_2.jpg
998,1485P,DISPORA P_1.jpg
999,1485Q,DISPORA Q_1.jpg
1000,1840R,DISPORA R_2.jpg
1001,1840S,DISPORA S_3.jpg
1002,1840T,DISPORA T_1.jpg
1003,1349U,GOR MINARNI_28.jpg
1004,1554V,GOR MINARNI_25.jpg
1005,1554W,GOR MINARNI_14.jpg
1006,1356X,GOR MINARNI_2.jpg
1007,1854Y,GOR MINARNI_13.jpg
1008,1854Z,GOR MINARNI_6.jpg
1009,1356AA,GOR MINARNI_19.jpg
1010,1481AB,KANTOR DISPORA_5.jpg
1011,1481AC,KANTOR DISPORA_16.jpg
1012,1254AD,KANTOR DISPORA_6.jpg
1013,1356AE,KANTOR DISPORA_15.jpg
1014,2515AF,DISPORA AF_2.jpg
1015,2515AG,KANTOR DISPORA_20.jpg
1016,2515AH,DISPORA AH_2.jpg
1017,1742AJ,DISPORA STADION_21.jpg
1018,1742AK,DISPORA STADION_14.jpg
1019,1742AL,DISPORA STADION_6.jpg
1020,2099AI,DISPORA STADION_24.jpg
1021,2099AM,DISPORA STADION_1.jpg
1022,1964A,DLH A_1.jpg
1023,2173B,DLH B_1.jpg
1024,2264C,DLH C_1.jpg
1025,1797D,DLH D_1.jpg
1026,1905E,DLH E_1.jpg
1027,1905F,DLH F_1.jpg
1028,2083G,DLH G_1.jpg
1029,2165H,DLH H_1.jpg
1030,2489I,DLH I_1.jpg
1031,2550J,WhatsApp Image 2021-12-10 at 15.25.41.jpeg
1032,2229K,DLH Alon2 _ Taman Pecut_4.jpg
1033,1812L,WhatsApp Image 2021-12-10 at 15.23.26 (1).jpeg
1034,1977M,DLH Kebon Rojo_2.jpg
1035,1848N,DLH Kebon Rojo_46.jpg
1036,2139O,DLH Kebon Rojo_41.jpg
1037,2492P,WhatsApp Image 2021-12-10 at 13.28.36 (1).jpeg
1038,1807Q,DLH Kebon Rojo_21.jpg
1039,1257R,DLH Kebon Rojo_22.jpg
1040,1638S,DLH Kebon Rojo_34.jpg
1041,1638T,DLH Kebon Rojo_29.jpg
1042,1638U,DLH Kebon Rojo_10.jpg
1043,1638V,DLH Kebon Rojo_17.jpg
1044,1960W,DLH Taman Sentul_7.jpg
1045,2066X,DLH Taman Sentul_11.jpg
1046,2487Y,DLH Y_1.jpg
1047,1989Z,DLH Patung Soekarno_7.jpg
1048,2551AA,DLH Patung Soekarno_5.jpg
1049,1988AB,DLH Taman GreenPark_20.jpg
1050,1988AC,DLH Taman GreenPark_9.jpg
1051,2135AD,DLH Taman GreenPark_2.jpg
1052,1270AE,DLH Monumen Soekarno Jl. A Yani_2.jpg
1053,1270AF,DLH Taman Dekat YP_1.jpg
1054,1272AG,DLH Tugu Dekat PGSD_1.jpg
1055,1862AH,DLH AH_1.jpg
1056,1862AI,DLH AI_3.jpg
1057,1255AJ,DLH AJ_1.jpg
1058,1255AK,DLH AK_1.jpg
1059,1265AL,DLH AL_2.jpg
1060,2486AM,DLH AM_7.jpg
1061,1751AN,DLH AN_1.jpg
1062,1751AO,DLH AO_1.jpg
1063,1985AP,DLH AP_2.jpg
1064,1984AQ,WhatsApp Image 2021-12-11 at 14.37.37.jpeg
1065,2488AR,DLH AR_4.jpg
1066,1716AS,DLH AS_3.jpg
1067,1945AT,DLH AT_1.jpg
1068,1513AU,DLH AU_2.jpg
1069,2137AV,DLH TPA NGEGONG_37.jpg
1070,1256AW,DLH TPA NGEGONG_23.jpg
1071,1831AX,DLH AX_2.jpg
1072,1718AY,DLH TPA NGEGONG_30.jpg
1073,1641AZ,DLH TPA NGEGONG_31.jpg
1074,2474BA,DLH BA_3.jpg
1075,2474BB,DLH TPA NGEGONG_22.jpg
1076,1887BC,DLH TPA NGEGONG_20.jpg
1077,1887BD,DLH TPA NGEGONG_13.jpg
1078,2082BE,DLH BE_1.jpg
1079,2082BF,DLH TPA NGEGONG_8.jpg
1080,2145BH,DLH BH_2.jpg
1081,2136BI,DLH BI_2.jpg
1082,2145BJ,DLH BJ_1.jpg
1083,1717BK,DLH BK_1.jpg
1084,2171BL,DLH BL_1.jpg
1085,2169BM,DLH BM_1.jpg
1086,2172BN,DLH BN_1.jpg
1087,2170BO,DLH BO_3.jpg
1088,1832BP,DLH BP_2.jpg
1089,2283BQ,DLH BQ_1.jpg
1090,2286BR,DLH BR_1.jpg
1091,2284BS,DLH_1.jpeg
1092,2285BT,DLH BT_1.jpg
1093,2280BU,DLH BU_1.jpg
1094,2571BV,DLH BV_1.jpg
1095,847967BW,DLH BW_1.jpg
1096,2344BX,DLH BX_1.jpg
1097,847161BY,DLH BY_1.jpg
1098,1832BZ,DLH BZ_1.jpg
1099,2077CA,WhatsApp Image 2021-12-11 at 14.40.40.jpeg
1100,2491CB,DLH CB_1.jpg
1101,2281CC,DLH CC_3.jpg
1102,2473CD,DLH CD_6.jpg
1103,1639CE,DLH CE_1.jpg
1104,1640CF,DLH CF_1.jpg
1105,2157CG,DLH CG_2.jpg
1106,2282CH,DLH CH_1.jpg
1107,2282CI,DLH CI_1.jpg
1108,1732CJ,DLH CJ_7.jpg
1109,2120CK,WhatsApp Image 2021-12-11 at 14.39.41 (1).jpeg
1110,841010CL,DLH CL_1.jpg
1111,841010CM,DLH CM_1.jpg
1112,2483CN,DLH CN_1.jpg
1113,2483CO,DLH CO_1.jpg
1114,2483CP,DLH CP_1.jpg
1115,841010CQ,DLH CQ_1.jpg
1116,841010CR,DLH CR_1.jpg
1117,2121CS,DLH CS_1.jpg
1118,2013CT,WhatsApp Image 2021-12-10 at 16.29.30 (1).jpeg
1119,1842CU,DLH CU_1.jpg
1120,1786CV,DLH CV_1.jpg
1121,1844CW,DLH CW_1.jpg
1122,2119CX,WhatsApp Image 2021-12-10 at 13.59.58.jpeg
1123,1259CY,DLH CY_1.jpg
1124,1259CZ,DLH CZ_1.jpg
1125,2490DA,DLH DA_1.jpg
1126,2549DB,DLH DB_1.jpg
1127,1684DC,DLH DC_1.jpg
1128,1861DD,DLH DD_2.jpg
1129,2139DE,Lap Upacara dan Joglo Alon2_5.jpg
1130,1267DH,DLH DH_1.jpg
1131,1267DI,DLH DI_2.jpg
1132,1261DO,Lap Upacara dan Joglo Alon2_11.jpg
1133,1261DP,DLH DP_1.jpg
1134,2065DQ,DLH DQ_1.jpg
1135,1884A,PTSP_1_A4.jpg
1136,1934B,PTSP_3_B6.jpg
1137,1987C,PTSP_13_C C1.jpg
1138,877672A,PU A_1.jpg
1139,2128B,PU B_3.jpg
1140,1365C,PUPR C_1.jpg
1141,2235D,PU D_3.jpg
1142,2225E,PU E_1.jpg
1143,2118F,PU F_1.jpg
1144,2305G,PUPR G_3.jpg
1145,2001H,PU H_2.jpg
1146,2001I,PU H_6.jpg
1147,1929J,PU J_1.jpg
1148,2238K,PU K_1.jpg
1149,1886L,PUPR L_1.jpg
1150,2087M,PUPR M_2.jpg
1151,2088N,PU N_2.jpg
1152,2088O,UP O_2.jpg
1153,2088P,PU P_1.jpg
1154,2646Q,PU Q_1.jpg
1155,1772S,PU S_10.jpg
1156,2645T,PU T_3.jpg
1157,2258U,PUPR U_3.jpg
1158,1683V,PU V_5.jpg
1159,1931W,PU W_2.jpg
1160,2226X,PU X_3.jpg
1161,1811Y,PU Y_1.jpg
1162,1811Z,PUPR Z_3.jpg
1163,1811AA,PU AA_1.jpg
1164,2239AB,PUPR AB_1.jpg
