id,inventaris_id,doc_path
1,1,03.KL.008.pdf
2,2,02.BGT.018.pdf
3,4,02.KT.010.pdf
4,5,02.SW.010.pdf
5,6,01.PKD.006.pdf
6,7,01.TR.004.pdf
7,8,02.BGT.060.pdf
8,9,03.KL.009.pdf
9,11,01.TJS.001.pdf
10,12,03.KK.017.pdf
11,13,01.SKR.011.pdf
12,14,01.PKD.005.pdf
13,15,03.KL.010.pdf
14,16,02.KT.024.pdf
15,17,02.SW.014.pdf
16,19,03.NDR.027.pdf
17,20,01.TJS.007.pdf
18,21,01.PKD.028.pdf
19,22,01.BL.014.pdf
20,23,03.BD.007.pdf
21,24,03.KL.016.pdf
22,25,03.BD.006.pdf
23,26,01.TJS.008.pdf
24,28,03.KK.007.pdf
25,32,02.BGT.012.pdf
26,33,02.KMP.001.pdf
27,34,02.RB.003.pdf
28,35,02.SW.004.pdf
29,36,02.SW.003.pdf
30,37,01.BL.015.pdf
31,38,01.KRS.012.pdf
32,39,01.TJS.015.pdf
33,41,02.BGT.011.pdf
34,42,03.KL.007.pdf
35,43,02.SW.006.pdf
36,44,03.KK.016.pdf
37,45,03.KL.006.pdf
38,46,02.SW.011.pdf
39,47,02.SW.012.pdf
40,48,03.KM.016.pdf
41,49,02.PSK.011.pdf
42,52,02.SW.024.pdf
43,53,02.SW.008.pdf
44,54,03.KL.020.pdf
45,55,03.NDR.018.pdf
46,56,03.KL.005.pdf
47,58,03.BD.003.pdf
48,59,03.TG.006.pdf
49,60,03.TG.004.pdf
50,61,03.KM.001.pdf
51,64,01.SKR.008.pdf
52,65,02.SW.016.pdf
53,66,02.GD.006.pdf
54,67,02.GD.041.pdf
55,69,02.KMP.002.pdf
56,70,02.SW.021.pdf
57,71,02.BGT.037.pdf
58,72,02.RB.005.pdf
59,73,01.PKD.018.pdf
60,74,01.PKD.021.pdf
61,75,01.SKR.002.pdf
62,76,01.TR.003.pdf
63,77,01.KRS.015.pdf
64,79,03.BD.025.pdf
65,80,01.BL.003.pdf
66,82,01.TJS.019.pdf
67,83,02.SW.038.pdf
68,84,02.SW.039.pdf
69,85,02.BGT.009.pdf
70,88,02.PSK.015.pdf
71,89,01.PKD.036.pdf
72,90,01.PKD.040.pdf
73,91,01.KRS.002.pdf
74,92,01.PKD.001.pdf
75,93,01.PKD.003.pdf
76,94,01.SKR.006.pdf
77,95,01.SKR.004.pdf
78,96,01.SKR.003.pdf
79,97,01.TP.001.pdf
80,98,01.SKR.012.pdf
81,99,02.SW.001.pdf
82,100,02.BGT.001.pdf
83,101,02.BGT.004.pdf
84,102,02.BGT.003.pdf
85,103,02.BGT.005.pdf
86,104,02.BGT.002.pdf
87,105,02.GD.001.pdf
88,106,02.GD.002.pdf
89,107,02.GD.033.pdf
90,108,02.KT.002.pdf
91,109,02.KT.001.pdf
92,113,02.RB.001.pdf
93,114,02.RB.002 .pdf
94,115,02.BGT.010.pdf
95,116,03.KK.018.pdf
96,117,03.KK.001.pdf
97,118,01.TJS.010.pdf
98,119,03.KL.019.pdf
99,120,03.TG.005.pdf
100,123,01.SKR.007.pdf
101,124,01.SKR.001.pdf
102,125,01.TJS.002.pdf
103,126,01.PKD.002.pdf
104,127,01.BL.010.pdf
105,128,01.TJS.003.pdf
106,129,01.KRS.003.pdf
107,130,01.KRS.001.pdf
108,131,02.BGT.038.pdf
109,132,02.BGT.036.pdf
110,133,02.KT.012.pdf
111,134,01.TR.002.pdf
112,135,01.BL.009.pdf
113,136,01.TR.001.pdf
114,137,03.KK.012.pdf
115,138,03.KK.013.pdf
116,139,03.KK.003.pdf
117,142,03.KL.018.pdf
118,144,03.KL.002.pdf
119,145,03.BD.002.pdf
120,146,03.BD.021.pdf
121,147,03.TG.002.pdf
122,148,03.TG.003.pdf
123,149,03.NDR.001.pdf
124,150,03.NDR.002.pdf
125,151,03.STL.001.pdf
126,152,03.STL.002.pdf
127,153,03.STL.003.pdf
128,154,03.STL.004.pdf
129,155,03.STL.005.pdf
130,156,03.STL.006.pdf
131,157,03.KM.003.pdf
132,159,03.BD.001.pdf
133,160,03.KL.001.pdf
134,165,02.KT.028.pdf
135,166,01.KRS.004.pdf
136,167,03.BD.008.pdf
137,168,03.STL.016.pdf
138,169,03.KK.015.pdf
139,170,03.NDR.026.pdf
140,171,03.TG.026.pdf
141,173,02.RB.013.pdf
142,174,01.SKR.015.pdf
143,175,02.SW.007.pdf
144,176,02.BGT.052.pdf
145,177,03.KL.015.pdf
146,178,01.TJS.009.pdf
147,180,01.TJS.005.pdf
148,181,01.TJS.004.pdf
149,182,03.BD.009.pdf
150,183,03.KK.004.pdf
151,184,03.KK.008.pdf
152,185,03.KK.009.pdf
153,187,03.KK.011.pdf
154,188,03.NDR.003.pdf
155,189,03.BD.005.pdf
156,190,03.STL.017.pdf
157,191,03.STL.007.pdf
158,192,03.STL.008.pdf
159,203,03.KL.017.pdf
160,205,01.TR.005.pdf
161,847,03.STL.015.pdf
162,849,03.STL.019.pdf
163,850,03.STL.020.pdf
164,851,03.STL.021.pdf
165,852,03.STL.022.pdf
166,853,03.STL.023.pdf
167,854,03.STL.024.pdf
168,855,03.STL.025.pdf
169,856,03.STL.026.pdf
170,857,03.STL.027.pdf
171,858,03.STL.028.pdf
172,859,03.STL.029.pdf
173,860,03.STL.030.pdf
174,861,03.STL.031.pdf
175,862,03.STL.032.pdf
176,863,03.KL.011.pdf
177,868,01.TP.002.pdf
178,869,01.TP.003.pdf
179,870,01.TP.004.pdf
180,871,01.BL.002.pdf
181,875,02.GD.018.pdf
182,876,02.GD.020.pdf
183,877,02.GD.021.pdf
184,880,02.GD.029.pdf
185,881,02.GD.022.pdf
186,884,02.GD.010.pdf
187,886,02.GD.028.pdf
188,887,02.GD.025.pdf
189,888,02.GD.027.pdf
190,889,02.GD.031.pdf
191,890,02.GD.005.pdf
192,891,02.GD.008.pdf
193,892,02.GD.012.pdf
194,893,02.GD.003.pdf
195,894,02.GD.011.pdf
196,895,02.GD.013.pdf
197,896,02.GD.030.pdf
198,897,02.GD.026.pdf
199,899,02.GD.034.pdf
200,900,02.PSK.010.pdf
201,901,02.PSK.007.pdf
202,902,02.PSK.012.pdf
203,907,02.KT.013.pdf
204,909,02.PSK.008.pdf
205,910,02.PSK.006.pdf
206,911,02.PSK.009.pdf
207,914,02.PSK.003.pdf
208,915,02.PSK.014.pdf
209,916,02.PSK.013.pdf
210,917,02.KMP.003.pdf
211,918,02.KMP.007.pdf
212,919,02.KMP.004.pdf
213,921,02.KMP.005.pdf
214,922,02.KMP.010.pdf
215,923,02.KMP.006.pdf
216,924,02.KMP.013.pdf
217,925,02.KMP.016.pdf
218,926,02.KMP.009.pdf
219,927,02.KMP.011.pdf
220,928,02.KMP.018.pdf
221,929,02.KMP.008.pdf
222,930,02.KMP.017.pdf
223,931,02.KMP.014.pdf
224,932,02.KMP.015.pdf
225,933,02.KMP.012.pdf
226,934,02.BGT.035.pdf
227,935,02.BGT.034.pdf
228,936,03.STL.013.pdf
229,937,03.STL.018.pdf
230,938,02.SW.023.pdf
231,939,03.STL.012.pdf
232,940,02.KT.006.pdf
233,941,02.KT.004.pdf
234,942,02.KT.005.pdf
235,943,02.KT.007.pdf
236,944,02.SW.019.pdf
237,945,02.KT.009.pdf
238,946,02.SW.018.pdf
239,947,02.SW.017.pdf
240,948,02.SW.022.pdf
241,950,03.STL.011.pdf
242,951,03.STL.010.pdf
243,953,02.SW.020.pdf
244,954,02.BGT.039.pdf
245,955,02.BGT.031.pdf
246,956,02.BGT.029.pdf
247,957,02.BGT.027.pdf
248,958,02.BGT.019.pdf
249,959,02.BGT.021.pdf
250,960,02.BGT.030.pdf
251,961,02.BGT.023.pdf
252,962,02.BGT.028.pdf
253,963,02.BGT.026.pdf
254,964,02.BGT.040.pdf
255,965,02.BGT.025.pdf
256,966,02.BGT.024.pdf
257,967,02.BGT.022.pdf
258,968,02.BGT.020.pdf
259,970,02.KT.016.pdf
260,972,02.KT.017.pdf
261,973,02.KT.019.pdf
262,974,02.KT.020.pdf
263,976,02.KT.011.pdf
264,977,02.KT.015.pdf
265,979,02.KT.021.pdf
266,982,01.BL.008.pdf
267,983,03.STL.009.pdf
268,985,02.KT.022.pdf
269,986,02.KT.023.pdf
270,987,01.KRS.005.pdf
271,988,01.KRS.006.pdf
272,989,01.KRS.007.pdf
273,990,01.KRS.013.pdf
274,991,01.KRS.009.pdf
275,992,01.KRS.010.pdf
276,993,01.KRS.011.pdf
277,995,01.KRS.014.pdf
278,996,01.BL.013.pdf
279,997,01.BL.005.pdf
280,998,01.BL.006.pdf
281,999,01.BL.011.pdf
282,1000,01.BL.007.pdf
283,1001,01.BL.012.pdf
284,1002,01.BL.004.pdf
285,1003,03.KL.013.pdf
286,1004,03.KL.012.pdf
287,1005,02.GD.035.pdf
288,1006,02.GD.036.pdf
289,1007,02.GD.023.pdf
290,1008,02.KT.008.pdf
291,1012,02.SW.041.pdf
292,1013,01.TR.018.pdf
293,1014,02.BGT.059.pdf
294,1015,02.BGT.057.pdf
295,1019,02.PSK.016.pdf
296,1022,03.KK.006.pdf
297,1023,03.KK.023.pdf
298,1025,03.NDR.013.pdf
299,1026,03.NDR.014.pdf
300,1027,03.NDR.023.pdf
301,1028,03.NDR.022.pdf
302,1029,03.NDR.020.pdf
303,1030,03.NDR.019.pdf
304,1031,03.NDR.004.pdf
305,1032,03.NDR.015.pdf
306,1033,03.NDR.017.pdf
307,1034,03.NDR.016.pdf
308,1035,03.NDR.010.pdf
309,1036,03.NDR.009.pdf
310,1037,03.NDR.007.pdf
311,1038,03.NDR.008.pdf
312,1039,03.NDR.011.pdf
313,1040,03.NDR.006.pdf
314,1041,03.NDR.021.pdf
315,1042,01.PKD.013.pdf
316,1043,01.PKD.014.pdf
317,1044,01.PKD.010.pdf
318,1045,01.PKD.016.pdf
319,1046,01.PKD.015.pdf
320,1047,01.TJS.014.pdf
321,1048,01.PKD.017.pdf
322,1049,03.KL.004.pdf
323,1050,01.PKD.008.pdf
324,1051,01.PKD.009.pdf
325,1052,01.TJS.012.pdf
326,1053,01.PKD.011.pdf
327,1054,01.TJS.013.pdf
328,1055,01.PKD.012.pdf
329,1056,03.KL.003.pdf
330,1057,03.BD.004.pdf
331,1058,03.BD.010.pdf
332,1059,03.BD.011.pdf
333,1060,03.BD.012.pdf
334,1061,03.BD.013.pdf
335,1062,03.BD.014.pdf
336,1063,03.BD.015.pdf
337,1064,03.BD.016.pdf
338,1065,03.BD.017.pdf
339,1066,03.BD.018.pdf
340,1067,03.BD.019.pdf
341,1068,03.BD.020.pdf
342,1069,03.TG.010.pdf
343,1070,03.TG.009.pdf
344,1071,03.TG.011.pdf
345,1072,03.TG.012.pdf
346,1073,03.TG.013.pdf
347,1074,03.TG.014.pdf
348,1075,03.TG.015.pdf
349,1076,03.TG.016.pdf
350,1077,03.TG.017.pdf
351,1078,03.TG.018.pdf
352,1079,03.TG.019.pdf
353,1080,03.TG.020.pdf
354,1081,03.TG.021.pdf
355,1082,03.TG.022.pdf
356,1083,03.TG.008.pdf
357,1084,03.TG.023.pdf
358,1086,03.KM.004.pdf
359,1087,03.KM.005.pdf
360,1088,03.KM.006.pdf
361,1089,03.KM.007.pdf
362,1090,03.KM.008.pdf
363,1091,03.KM.009.pdf
364,1092,03.KM.010.pdf
365,1093,03.KM.011.pdf
366,1094,03.KM.012.pdf
367,1095,03.KM.002.pdf
368,1097,02.RB.008.pdf
369,1098,02.RB.010.pdf
370,1099,02.RB.009.pdf
371,1100,02.RB.011.pdf
372,1101,02.RB.012.pdf
373,1103,03.NDR.028.pdf
374,1107,01.PKD.019.pdf
375,1108,01.PKD.020.pdf
376,1109,01.PKD.022.pdf
377,1110,01.PKD.023.pdf
378,1111,01.PKD.024.pdf
379,1112,01.PKD.025.pdf
380,1113,01.PKD.026.pdf
381,1114,01.PKD.027.pdf
382,1117,01.PKD.031.pdf
383,1118,01.PKD.033.pdf
384,1120,01.PKD.043.pdf
385,1121,01.SKR.013.pdf
386,1122,01.SKR.014.pdf
387,1123,01.SKR.016.pdf
388,1124,01.SKR.018.pdf
389,1125,01.SKR.017.pdf
390,1127,01.TP.005.pdf
391,1128,01.TP.006.pdf
392,1129,01.TP.007.pdf
393,1130,01.TP.008.pdf
394,1131,01.TP.009.pdf
395,1132,01.TP.010.pdf
396,1133,01.TP.011.pdf
397,1134,01.TP.012.pdf
398,1135,01.TP.013.pdf
399,1136,01.TP.014.pdf
400,1137,01.TP.015.pdf
401,1138,01.TP.016.pdf
402,1139,01.TP.017.pdf
403,1140,01.TP.018.pdf
404,1142,01.TP.020.pdf
405,1143,01.TP.021.pdf
406,1144,01.TP.022.pdf
407,1145,01.TR.006.pdf
408,1146,01.TR.007.pdf
409,1147,01.TR.008.pdf
410,1148,01.TR.009.pdf
411,1149,01.TR.010.pdf
412,1150,01.TR.011.pdf
413,1151,01.TR.012.pdf
414,1152,01.TR.013.pdf
415,1153,01.TJS.020.pdf
416,1163,02.BGT.051.pdf
417,1164,01.SKR.009.pdf
418,1166,03.KK.024.pdf
419,1167,03.NDR.005.pdf
420,1168,02.PSK.001.pdf
421,1169,02.BGT.054.pdf
422,1170,02.SW.037.pdf
423,1172,03.BD.024.pdf
424,1173,02.SW.036.pdf
425,1174,02.BGT.017.pdf
426,1179,02.BGT.015.pdf
427,1182,01.BL.001.pdf
428,1184,02.BGT.041.pdf
429,1185,02.SW.040.pdf
430,1186,02.BGT.014.pdf
431,1187,02.BGT.016.pdf
432,1188,02.SW.015.pdf
433,1189,01.TR.016.pdf
434,453556,03.KL.014.pdf
435,842338,02.BGT.042.pdf
436,842339,02.BGT.049.pdf
437,842340,02.BGT.050.pdf
438,842341,02.GD.037.pdf
439,842342,02.GD.038.pdf
440,842343,02.GD.039.pdf
441,842344,02.GD.040.pdf
442,842345,03.BD.023.pdf
443,842346,03.KM.013.pdf
444,842347,03.KM.014.pdf
445,842348,03.KM.015.pdf
446,842349,03.NDR.024.pdf
447,842351,03.NDR.029.pdf
448,842352,03.STL.014.pdf
449,842353,03.TG.007.pdf
450,842354,01.KRS.016.pdf
451,842355,01.PKD.038.pdf
452,842356,01.PKD.039.pdf
453,842357,01.PKD.041.pdf
454,842358,01.PKD.042.pdf
455,842359,01.PKD.035.pdf
456,842361,01.TJS.011.pdf
457,842363,01.TJS.017.pdf
458,842364,01.TJS.018.pdf
459,842365,01.SKR.010.pdf
460,842366,01.TR.014.pdf
461,842368,02.SW.030.pdf
462,842369,02.SW.031.pdf
463,842370,02.SW.032.pdf
464,842372,02.SW.034.pdf
465,845785,01.TP.024.pdf
466,845786,01.TP.023.pdf
467,845809,02.RB.014.pdf
468,845810,03.STL.036.pdf
469,860393,02.SW.033.pdf
470,860575,02.BGT.053.pdf
471,860580,03.STL.034.pdf
472,860581,03.STL.033.pdf
473,877840,02.KT.026.pdf
474,877841,02.KT.027.pdf
475,877842,02.KT.025.pdf
476,877844,02.KT.029.pdf
477,877845,02.KT.030.pdf
478,877846,02.KT.031.pdf
479,877847,02.KT.032.pdf
480,877848,02.KT.033.pdf
481,878095,02.RB.017.pdf
482,878096,02.RB.015.pdf
483,884629,02.GD.043.pdf
484,884645,02.KT.034.pdf
485,884646,02.KT.035.pdf
486,884647,02.KT.036.pdf
487,1587E,SDN BENDO 1 TANDA E.jpg
488,1775I,SDN BENDO 1 TANDA I.jpg
489,1587B,SDN BENDO 1 TANDA B.jpg
490,1509F,SDN BENDO 1 TANDA F.jpg
491,1587C,SDN BENDO 1 TANDA C.jpg
492,1546A,SDN BENDO 1 TANDA A.jpg
493,1587D,SDN BENDO 1 TANDA D.jpg
494,1646G,
495,2395J,SDN BENDO 1 TANDA J.jpg
496,1546K,
497,1512H,SDN BENDO 1 TANDA H.jpg
498,2699F,SDN BENDOGERIT 1 TANDA F.jpg
499,1288A,SDN BENDOGERIT 1 TANDA A.jpg
500,1288D,SDN BENDOGERIT 1 TANDA D.jpg
501,1288B,SDN BENDOGERIT 1 TANDA B.jpg
502,1565K,SDN BENDOGERIT 1 TANDA K.jpg
503,2398E,SDN BENDOGERIT 1 TANDA E.jpg
504,1565I,SDN BENDOGERIT 1 TANDA I.jpg
505,1288C,SDN BENDOGERIT 1 TANDA C.jpg
506,1813H,SDN BENDOGERIT 1 TANDA H.jpg
507,1565J,SDN BENDOGERIT 1 TANDA J.jpg
508,1734G,SDN BENDOGERIT 1 TANDA G.jpg
509,1566G,SDN BENDOGERIT 2 TANDA G.jpg
510,1297A,
511,1663E,SDN BENDOGERIT 2 TANDA E.jpg
512,1297B,
513,1297C,
514,1297D,
515,1726K,
516,2725H,SDN BENDOGERIT 2 TANDA H.jpg
517,1566I,
518,1726F,
519,1496B,SDN GEDOG 1 TANDA B.jpg
520,1496A,SDN GEDOG 1 TANDA A.jpg
521,1666C,SDN GEDOG 1 TANDA C.jpg
522,2441D,SDN GEDOG 1 TANDA D.jpg
523,1567F,SDN GEDOG 1 TANDA F.jpg
524,1567E,SDN GEDOG 1 TANDA E.jpg
525,1294A,SDN GEDOG 2 TANDA A.jpg
526,1294B,SDN GEDOG 2 TANDA B.jpg
527,2461C,SDN GEDOG 2 TANDA C.jpg
528,1568D,
529,1568E,SDN GEDOG 2 TANDA E.jpg
530,1568F,SDN GEDOG 2 TANDA F.jpg
531,1658G,
532,1725H,SDN GEDOG 2 TANDA H.jpg
533,1725I,SDN GEDOG 2 TANDA I.jpg
534,1569A,SDN GEDOG 3 TANDA A.jpg
535,1569B,SDN GEDOG 3 TANDA B.jpg
536,2707C,SDN GEDOG 3 TANDA C.jpg
537,2707D,SDN GEDOG 3 TANDA D.jpg
538,1569E,SDN GEDOG 3 TANDA E.jpg
539,2428F,SDN GEDOG 3 TANDA F.jpg
540,1531A,SDN NGADIREJO 1 TANDA A.jpg
541,2485H,SDN NGADIREJO 1 TANDA H.jpg
542,1532B,SDN NGADIREJO 1 TANDA B.jpg
543,1531C,SDN NGADIREJO 1 TANDA C.jpg
544,1531E,SDN NGADIREJO 1 TANDA E.jpg
545,1532D,SDN NGADIREJO 1 TANDA D.jpg
546,2722G,
547,1312A,
548,1313C,SMPN 1 BLITAR TANDA C.jpg
549,1315B,SMPN 1 BLITAR TANDA B.jpg
550,1315I,SMPN 1 BLITAR TANDA I.jpg
551,1314D,
552,1312H,SMPN 1 BLITAR TANDA H.jpg
553,1316E,SMPN 1 BLITAR TANDA E.jpg
554,1311J,SMPN 1 BLITAR TANDA J.jpg
555,2495G,SMPN 1 BLITAR TANDA G.jpg
556,1311K,SMPN 1 BLITAR TANDA K.jpg
557,1430F,SMPN 1 BLITAR TANDA F.jpg
558,2092C,SMPN 6 BLITAR TANDA C.jpg
559,1277B,SMPN 6 BLITAR TANDA B.jpg
560,2093D,
561,2094E,
562,1305A,SMPN 6 BLITAR TANDA A.jpg
563,2400F,SMPN 6 BLITAR TANDA F.jpg
564,2203G,SMPN 6 BLITAR TANDA G.jpg
565,1277H,SMPN 6 BLITAR TANDA H.jpg
566,1305I,SMPN 6 BLITAR TANDA I.jpg
567,1277J,
568,1216P,SMPN 8 BLITAR TANDA P.jpg
569,1279O,SMPN 8 BLITAR TANDA O.jpg
570,1215A,SMPN 8 BLITAR TANDA A.jpg
571,1216B,SMPN 8 BLITAR TANDA B.jpg
572,1216C,SMPN 8 BLITAR TANDA C.jpg
573,1216D,SMPN 8 BLITAR TANDA D.jpg
574,1216E,SMPN 8 BLITAR TANDA E.jpg
575,1216F,SMPN 8 BLITAR TANDA F.jpg
576,1216G,SMPN 8 BLITAR TANDA G.jpg
577,1216H,SMPN 8 BLITAR TANDA H.jpg
578,1218I,SMPN 8 BLITAR TANDA I.jpg
579,1219J,SMPN 8 BLITAR TANDA J.jpg
580,1219K,
581,1846L,
582,2517N,SMPN 8 BLITAR TANDA N.jpg
583,1317A,SMPN 2 KOTA BLITAR TANDA A.jpg
584,1318B,SMPN 2 KOTA BLITAR TANDA B.jpg
585,1318C,SMPN 2 KOTA BLITAR TANDA C.jpg
586,1319D,SMPN 2 KOTA BLITAR TANDA D.jpg
587,1321E,SMPN 2 KOTA BLITAR TANDA E.jpg
588,1321F,SMPN 2 KOTA BLITAR TANDA F.jpg
589,1551G,SMPN 2 KOTA BLITAR TANDA G.jpg
590,2388H,SMPN 2 KOTA BLITAR TANDA H.jpg
591,1307I,SMPN 2 KOTA BLITAR TANDA I.jpg
592,1307J,SMPN 2 KOTA BLITAR TANDA J.jpg
593,1867K,SMPN 2 KOTA BLITAR TANDA K.jpg
594,1817H,SMPN 9 TANDA H.jpg
595,1220A,SMPN 9 TANDA A.jpg
596,1220B,SMPN 9 TANDA B.jpg
597,1308C,SMPN 9 TANDA C.jpg
598,1308D,SMPN 9 TANDA D.jpg
599,1220E,SMPN 9 TANDA E.jpg
600,1614F,
601,1713G,SMPN 9 TANDA G.jpg
602,1308I,SMPN 9 TANDA I.jpg
603,1308J,SMPN 9 TANDA J.jpg
604,1613K,SMPN 9 TANDA K.jpg
605,1194D,SMPN 4 BLITAR TANDA D.jpg
606,1192A,SMPN 4 BLITAR TANDA A.jpg
607,1195E,
608,1550F,SMPN 4 BLITAR TANDA F.jpg
609,1193C,
610,1191G,SMPN 4 BLITAR TANDA G.jpg
611,1191B,SMPN 4 BLITAR TANDA B.jpg
612,1195H,SMPN 4 BLITAR TANDA H.jpg
613,1432I,
614,2460J,SMPN 4 BLITAR TANDA J.jpg
615,1310K,SMPN 4 BLITAR TANDA K.jpg
616,1310L,
617,1208A,SMPN 5 BLITAR TANDA A.jpg
618,1209C,SMPN 5 BLITAR TANDA C.jpg
619,2502D,SMPN 5 BLITAR TANDA D.jpg
620,1281E,SMPN 5 BLITAR TANDA E.jpg
621,1210A,SMPN 7 BLITAR TANDA A.jpg
622,1212C,SMPN 7 BLITAR TANDA C.jpg
623,1213D,SMPN 7 BLITAR TANDA D.jpg
624,1213E,
625,1724J,SMPN 7 BLITAR TANDA J.jpg
626,1434H,
627,1435I,SMPN 7 BLITAR TANDA I.jpg
628,1213F,SMPN 7 BLITAR TANDA F.jpg
629,2458O,SMPN 7 BLITAR TANDA O.jpg
630,2458P,SMPN 7 BLITAR TANDA P.jpg
631,1282N,SMPN 7 BLITAR TANDA N.jpg
632,1214G,SMPN 7 BLITAR TANDA G.jpg
633,1282M,SMPN 7 BLITAR TANDA M.jpg
634,2168K,
635,1211B,
636,1543A,SLBN 1 BLITAR TANDA A.jpg
637,1543B,SLBN 1 BLITAR TANDA B.jpg
638,1625C,SLBN 1 BLITAR TANDA C.jpg
639,1625D,SLBN 1 BLITAR TANDA D.jpg
640,1625E,SLBN 1 BLITAR TANDA E.jpg
641,1543F,SLBN 1 BLITAR TANDA F.jpg
642,1238A,SDN TANJUNGSARI 2 TANDA A.jpg
643,1237B,SDN TANJUNGSARI 2 TANDA B.jpg
644,1230C,SDN TANJUNGSARI 2 TANDA C.jpg
645,1237D,SDN TANJUNGSARI 2 TANDA D.jpg
646,2396E,
647,1564F,
648,1564G,SDN TANJUNGSARI 2 TANDA G.jpg
649,1564I,SDN TANJUNGSARI 2 TANDA I.jpg
650,1630J,
651,1564K,SDN TANJUNGSARI 2 TANDA K.jpg
652,1242A,SDN TURI 2 TANDA A.jpg
653,1226B,SDN TURI 2 TANDA B.jpg
654,1561C,SDN TURI 2 TANDA C.jpg
655,1561D,SDN TURI 2 TANDA D.jpg
656,1561E,
657,1561F,SDN TURI 2 TANDA F.jpg
658,1561G,SDN TURI 2 TANDA G.jpg
659,1795H,
660,1754I,SDN TURI 2 TANDA I.jpg
661,1492J,SDN TURI 2 TANDA J.jpg
662,1225A,SDN TURI 1 TANDA A.jpg
663,1241B,
664,1604C,SDN TURI 1 TANDA C.jpg
665,1604D,SDN TURI 1 TANDA D.jpg
666,1604E,
667,2277F,
668,1244A,SDN KARANGSARI 3 TANDA A.jpg
669,1224B,SDN KARANGSARI 3 TANDA B.jpg
670,1603C,SDN KARANGSARI 3 TANDA C.jpg
671,1603D,SDN KARANGSARI 3 TANDA D.jpg
672,1603E,SDN KARANGSARI 3 TANDA E.jpg
673,2731F,SDN KARANGSARI 3 TANDA F.jpg
674,1244G,SDN KARANGSARI 3 TANDA G.jpg
675,1603H,SDN KARANGSARI 3 TANDA H.jpg
676,1240A,SDN KARANGSARI 2 TANDA A.jpg
677,1602B,
678,1602C,SDN KARANGSARI 2 TANDA C.jpg
679,1602D,SDN KARANGSARI 2 TANDA D.jpg
680,1240E,SDN KARANGSARI 2 TANDA E.jpg
681,2432F,SDN KARANGSARI 2 TANDA F.jpg
682,1240G,SDN KARANGSARI 2 TANDA G.jpg
683,1544A,SDN TANGGUNG 2 TANDA A.jpg
684,1648B,
685,1590C,SDN TANGGUNG 2 TANDA C.jpg
686,1590D,SDN TANGGUNG 2 TANDA D.jpg
687,2435E,SDN TANGGUNG 2 TANDA E.jpg
688,1545A,SDN TANGGUNG 1 TANDA A.jpg
689,1545B,SDN TANGGUNG 1 TANDA B.jpg
690,1589C,SDN TANGGUNG 1 TANDA C.jpg
691,2399D,SDN TANGGUNG 1 TANDA D.jpg
692,1758E,SDN TANGGUNG 1 TANDA E.jpg
693,1540A,SDN BENDO 2 TANDA A.jpg
694,1541B,SDN BENDO 2 TANDA B.jpg
695,1542C,SDN BENDO 2 TANDA C.jpg
696,1541D,SDN BENDO 2 TANDA D.jpg
697,1647E,SDN BENDO 2 TANDA E.jpg
698,1759F,SDN BENDO 2 TANDA F.jpg
699,1805G,
700,1878H,SDN BENDO 2 TANDA H.jpg
701,1588I,SDN BENDO 2 TANDA I.jpg
702,1588J,SDN BENDO 2 TANDA J.jpg
703,1588K,
704,1520A,SDN KAUMAN 2 TANDA A.jpg
705,1520B,SDN KAUMAN 2 TANDA B.jpg
706,1520C,SDN KAUMAN 2 TANDA C.jpg
707,1585D,
708,1525A,SDN KEPANJEN KIDUL 2 TANDA A.jpg
709,1525B,SDN KEPANJEN KIDUL 2 TANDA B.jpg
710,1527C,SDN KEPANJEN KIDUL 2 TANDA C.jpg
711,1525D,
712,1522E,SDN KEPANJEN KIDUL 2 TANDA E.jpg
713,1774F,SDN KEPANJEN KIDUL 2 TANDA F.jpg
714,1525G,SDN KEPANJEN KIDUL 2 TANDA G.jpg
715,1582H,SDN KEPANJEN KIDUL 2 TANDA H.jpg
716,2287I,SDN KEPANJEN KIDUL 2 TANDA I.jpg
717,2705J,SDN KEPANJEN KIDUL 2 TANDA J.jpg
718,1239A,SDN KARANGSARI 1 TANDA A.jpg
719,1223B,SDN KARANGSARI 1 TANDA B.jpg
720,1601C,SDN KARANGSARI 1 TANDA C.jpg
721,1601D,SDN KARANGSARI 1 TANDA D.jpg
722,1806E,SDN KARANGSARI 1 TANDA E.jpg
723,1246A,SDN TLUMPU 1 TANDA A.jpg
724,1235B,SDN TLUMPU 1 TANDA B.jpg
725,1246C,SDN TLUMPU 1 TANDA C.jpg
726,1600D,SDN TLUMPU 1 TANDA D.jpg
727,1600E,SDN TLUMPU 1 TANDA E.jpg
728,1600F,SDN TLUMPU 1 TANDA F.jpg
729,1524A,SDN KEPANJENKIDUL 1 TANDA A.jpg
730,1524B,SDN KEPANJENKIDUL 1 TANDA B.jpg
731,1524D,SDN KEPANJENKIDUL 1 TANDA D.jpg
732,1533A,SDN NGADIREJO 2 TANDA A.jpg
733,1592B,SDN NGADIREJO 2 TANDA B.jpg
734,1533C,SDN NGADIREJO 2 TANDA C.jpg
735,1592D,SDN NGADIREJO 2 TANDA D.jpg
736,2423E,SDN NGADIREJO 2 TANDA E.jpg
737,1533F,SDN NGADIREJO 2 TANDA F.jpg
738,2714G,SDN NGADIREJO 2 TANDA G.jpg
739,1234A,SDN BLITAR TANDA A.jpg
740,1234C,SDN BLITAR TANDA C.jpg
741,1596D,SDN BLITAR TANDA D.jpg
742,2390E,SDN BLITAR TANDA E.jpg
743,1234B,SDN BLITAR TANDA B.jpg
744,1780A,SLB NEGERI 2 BLITAR TANDA A.jpg
745,1755C,SLB NEGERI 2 BLITAR TANDA C.jpg
746,1779D,SLB NEGERI 2 BLITAR TANDA D.jpg
747,1780E,SLB NEGERI 2 BLITAR TANDA E.jpg
748,1227A,SDN PAKUNDEN 1 TANDA A.jpg
749,1605C,SDN PAKUNDEN 1 TANDA C.jpg
750,1605D,SDN PAKUNDEN 1 TANDA D.jpg
751,1628E,SDN PAKUNDEN 1 TANDA E.jpg
752,2709F,SDN PAKUNDEN 1 TANDA F.jpg
753,2710G,SDN PAKUNDEN 1 TANDA G.jpg
754,1243B,SDN PAKUNDEN 1 TANDA B.jpg
755,1300A,SDN KLAMPOK TANDA A.jpg
756,1580B,SDN KLAMPOK TANDA B.jpg
757,2393C,SDN KLAMPOK TANDA C.jpg
758,1580D,SDN KLAMPOK TANDA D.jpg
759,1580E,SDN KLAMPOK TANDA E.jpg
760,1507A,SDN REMBANG 2 TANDA A.jpg
761,1577B,SDN REMBANG 2 TANDA B.jpg
762,1577C,
763,1577D,SDN REMBANG 2 TANDA D.jpg
764,1303A,SDN REMBANG 1 TANDA A.jpg
765,1576B,
766,1303C,SDN REMBANG 1 TANDA C.jpg
767,1576D,SDN REMBANG 1 TANDA D.jpg
768,1657E,SDN REMBANG 1 TANDA E.jpg
769,2728F,SDN REMBANG 1 TANDA F.jpg
770,1576G,
771,1579A,SDN PLOSOKEREP 2 TANDA A.jpg
772,1579B,SDN PLOSOKEREP 2 TANDA B.jpg
773,1579C,SDN PLOSOKEREP 2 TANDA C.jpg
774,2420E,SDN PLOSOKEREP 2 TANDA E.jpg
775,1579F,SDN PLOSOKEREP 2 TANDA F.jpg
776,1578A,
777,1578B,SDN PLOSOKEREP 1 TANDA B.jpg
778,1578C,SDN PLOSOKEREP 1 TANDA C.jpg
779,2703D,SDN PLOSOKEREP 1 TANDA D.jpg
780,1298A,SDN KARANGTENGAH 2 TANDA A.jpg
781,1298B,SDN KARANGTENGAH 2 TANDA B.jpg
782,1298C,SDN KARANGTENGAH 2 TANDA C.jpg
783,1665D,SDN KARANGTENGAH 2 TANDA D.jpg
784,1528A,SDN KEPANJENLOR 3 TANDA A.jpg
785,1529B,SDN KEPANJENLOR 3 TANDA B.jpg
786,1559C,SDN KEPANJENLOR 3 TANDA C.jpg
787,2686D,SDN KEPANJENLOR 3 TANDA D.jpg
788,2424E,SDN KEPANJENLOR 3 TANDA E.jpg
789,1937A,SDN KEPANJENLOR 1 TANDA A.jpg
790,1936B,SDN KEPANJENLOR 1 TANDA B.jpg
791,1526C,SDN KEPANJENLOR 1 TANDA C.jpg
792,1583D,SDN KEPANJENLOR 1 TANDA D.jpg
793,1295A,SDN SANANWETAN 1 TANDA A.jpg
794,1295B,SDN SANANWETAN 1 TANDA B.jpg
795,1295C,SDN SANANWETAN 1 TANDA C.jpg
796,1570D,SDN SANANWETAN 1 TANDA D.jpg
797,1664E,SDN SANANWETAN 1 TANDA E.jpg
798,2392F,SDN SANANWETAN 1 TANDA F.jpg
799,1534A,SDN SENTUL 2 TANDA A.jpg
800,1534B,
801,1534C,SDN SENTUL 2 TANDA C.jpg
802,1594D,SDN SENTUL 2 TANDA D.jpg
803,1595A,SDN SENTUL 4 TANDA A.jpg
804,1595C,SDN SENTUL 4 TANDA C.jpg
805,1595D,SDN SENTUL 4 TANDA D.jpg
806,1999E,SDN SENTUL 4 TANDA E.jpg
807,1530A,SDN SENTUL 3 TANDA A.jpg
808,1535B,SDN SENTUL 3 TANDA B.jpg
809,1560C,SDN SENTUL 3 TANDA C.jpg
810,1530D,SDN SENTUL 3 TANDA D.jpg
811,1530E,SDN SENTUL 3 TANDA E.jpg
812,1521A,SDN KAUMAN 1 TANDA A.jpg
813,1521B,SDN KAUMAN 1 TANDA B.jpg
814,1521C,SDN KAUMAN 1 TANDA C.jpg
815,1586D,SDN KAUMAN 1 TANDA D.jpg
816,2070D,SDN KARANGTENGAH 1 TANDA D.jpg
817,1497C,SDN KARANGTENGAH 1 TANDA C.jpg
818,1573K,SDN KARANGTENGAH 1 TANDA K.jpg
819,1660F,SDN KARANGTENGAH 1 TANDA F.jpg
820,1573G,SDN KARANGTENGAH 1 TANDA G.jpg
821,1497A,SDN KARANGTENGAH 1 TANDA A.jpg
822,1573I,SDN KARANGTENGAH 1 TANDA I.jpg
823,1497B,SDN KARANGTENGAH 1 TANDA B.jpg
824,1573H,SDN KARANGTENGAH 1 TANDA H.jpg
825,1573J,SDN KARANGTENGAH 1 TANDA J.jpg
826,1661E,
827,1575A,SDN KARANGTENGAH 4 TANDA A.jpg
828,1575B,SDN KARANGTENGAH 4 TANDA B.jpg
829,1575C,SDN KARANGTENGAH 4 TANDA C.jpg
830,2438D,SDN KARANGTENGAH 4 TANDA D.jpg
831,2691E,SDN KARANGTENGAH 4 TANDA E.jpg
832,1575F,SDN KARANGTENGAH 4 TANDA F.jpg
833,1575G,SDN KARANGTENGAH 4 TANDA G.jpg
834,1992H,SDN KARANGTENGAH 4 TANDA H.jpg
835,1290A,SDN SANANWETAN 3 TANDA A.jpg
836,1572B,SDN SANANWETAN 3 TANDA B.jpg
837,1289C,SDN SANANWETAN 3 TANDA C.jpg
838,1733D,SDN SANANWETAN 3 TANDA D.jpg
839,1291E,SDN SANANWETAN 3 TANDA E.jpg
840,1572F,SDN SANANWETAN 3 TANDA F.jpg
841,1572G,SDN SANANWETAN 3 TANDA G.jpg
842,2439H,SDN SANANWETAN 3 TANDA H.jpg
843,1494I,SDN SANANWETAN 3 TANDA I.jpg
844,1506A,SDN SANANWETAN 2 TANDA A.jpg
845,1506B,SDN SANANWETAN 2 TANDA B.jpg
846,1506C,SDN SANANWETAN 2 TANDA C.jpg
847,1506D,SDN SANANWETAN 2 TANDA D.jpg
848,1571E,SDN SANANWETAN 2 TANDA E.jpg
849,1571F,SDN SANANWETAN 2 TANDA F.jpg
850,1571G,
851,2462H,SDN SANANWETAN 2 TANDA H.jpg
852,1558A,SDN KARANGTENGAH 3 TANDA A.jpg
853,1558B,SDN KARANGTENGAH 3 TANDA B.jpg
854,1558C,SDN KARANGTENGAH 3 TANDA C.jpg
855,1558D,SDN KARANGTENGAH 3 TANDA D.jpg
856,1558E,SDN KARANGTENGAH 3 TANDA E.jpg
857,1558F,SDN KARANGTENGAH 3 TANDA F.jpg
858,2697G,SDN KARANGTENGAH 3 TANDA G.jpg
859,1538A,SDN SENTUL 1 TANDA A.jpg
860,1538B,SDN SENTUL 1 TANDA B.jpg
861,1538C,SDN SENTUL 1 TANDA C.jpg
862,1539D,SDN SENTUL 1 TANDA D.jpg
863,1539E,
864,1650F,SDN SENTUL 1 TANDA F.jpg
865,1776G,SDN SENTUL 1 TANDA G.jpg
866,1593H,SDN SENTUL 1 TANDA H.jpg
867,1593I,SDN SENTUL 1 TANDA I.jpg
868,1593J,SDN SENTUL 1 TANDA J.jpg
869,2397K,
870,1229A,SDN TANJUNGSARI 1 TANDA A.jpg
871,1229B,SDN TANJUNGSARI 1 TANDA B.jpg
872,2678C,SDN TANJUNGSARI 1 TANDA C.jpg
873,1563D,SDN TANJUNGSARI 1 TANDA D.jpg
874,1563E,SDN TANJUNGSARI 1 TANDA E.jpg
875,1563F,SDN TANJUNGSARI 1 TANDA F.jpg
876,1232A,SDN SUKOREJO 1 TANDA A.jpg
877,1232B,SDN SUKOREJO 1 TANDA B.jpg
878,2701C,SDN SUKOREJO 1 TANDA C.jpg
879,1233A,SDN SUKOREJO 2 TANDA A.jpg
880,1598B,SDN SUKOREJO 2 TANDA B.jpg
881,1598C,SDN SUKOREJO 2 TANDA C.jpg
882,1598D,SDN SUKOREJO 2 TANDA D.jpg
883,1796E,SDN SUKOREJO 2 TANDA E.jpg
884,1236A,SDN SUKOREJO 3 TANDA A.jpg
885,1599D,SDN SUKOREJO 3 TANDA D.jpg
886,1599B,SDN SUKOREJO 3 TANDA B.jpg
887,1245A,SDN PAKUNDEN 2 TANDA A.jpg
888,1228B,SDN PAKUNDEN 2 TANDA B.jpg
889,1898C,SDN PAKUNDEN 2 TANDA C.jpg
890,1899D,SDN PAKUNDEN 2 TANDA D.jpg
891,1562E,SDN PAKUNDEN 2 TANDA E.jpg
892,1562F,SDN PAKUNDEN 2 TANDA F.jpg
893,1562G,SDN PAKUNDEN 2 TANDA G.jpg
894,1562H,SDN PAKUNDEN 2 TANDA H.jpg
895,2261I,SDN PAKUNDEN 2 TANDA I.jpg
896,2332A,SDN KEPANJENLOR 2 TANDA A.jpg
897,1584B,
898,1584C,
899,2680D,SDN KEPANJENLOR 2 TANDA D.jpg
900,1511E,SDN KEPANJENLOR 2 TANDA E.jpg
901,1584F,SDN KEPANJENLOR 2 TANDA F.jpg
902,1584G,SDN KEPANJENLOR 2 TANDA G.jpg
903,1584H,SDN KEPANJENLOR 2 TANDA H.jpg
904,1584I,SDN KEPANJENLOR 2 TANDA I.jpg
905,2681K,SDN KEPANJENLOR 2 TANDA K.jpg
906,2000L,
907,2204M,
